model,imei
REDMI,861672057702973
IPHONE,352898112953998
SAMSUNG,358452282350256
IPHONE,356314145385642
IPHONE11,352898112818514
IPHONE,352064120218904
IPHONE,358800356981648
SAMSUNG,351044515856840
REDMI,860359068601888
IPHONE13,356586863395185
IPHONE13,358216488025388
XIAOMI,869678068025447
IPHONE14PROMAX,355822267185096
IPHONE,353568257190842
IPHONE12,352484813770674
IPHONE,351710150083474
OPPO,865954054036415
INFINIXZERO20,352096510218417
SAMSUNG,355595479841322
SAMSUNG,351828119371382
IPHONE,356762083169321
IPHONE,356699089358567
IPHONE,353085109465181
IPHONE,356460107861961
IPHONE,353091109017873
IPHONE,356724083916077
IPHONE,353039098657712
IPHONE,354871091505780
IPHONE,356375237446444
IPHONE,353039119401199
IPHONE,359676573071960
IPHONE,353074109384147
IPHONE,352280418740181
IPHONE,356586865655383
IPHONE,357332368137028
IPHONE,354496522470774
IPHONE,354496522117318
POCO4PRO,863305064305666
POCO4PRO,863305064305674
IPHONE,357782728705735
REDMI,864496057312709
IPHONE,356455109329868
IPHONE,358689096047483
IPHONE,357203093520467
IPHONE,351732273938867
IPHONE,352907113213532
IPHONE,356455106645738
IPHONE,355660520995574
IPHONE,356715111663855
IPHONE,353040113541527
IPHONE,356122174033375
IPHONE,354300906254384
IPHONE,353164102679997
IPHONE,351082468906956
IPHONE,358981876432245
IPHONE,356600106660944
IPHONE,351941237429683
IPHONE,353992106793020
IPHONE,354073553894923
IPHONE,356133319050356
IPHONE,359237632179367
IPHONE,356479101467039
IPHONE,355330089327458
IPHONE,355330087657237
IPHONE,355830089234935
IPHONE,353908102194815
IPHONE,352852113593758
IPHONE,350742132582365
IPHONE,356694115054694
IPHONE,353074110029178
IPHONE,355513312775862
IPHONE,355353080182797
IPHONE,355354085866699
IPHONE,350953320974922
IPHONE,353885102021588
IPHONE,353843100365804
IPHONE,352979093584273
IPHONE,352977094732305
IPHONE,353004112937110
IPHONE,352991130010535
IPHONE,353526371758316
IPHONE,350160186877831
IPHONE,356143093062600
SAMSUNG,357107762870915
SAMSUNG,357107765536059
SAMSUNG,350299941302873
SAMSUNG,350299942136601
SAMSUNG,352596767512792
IPHONE,355416331232602
SAMSUNG,357452106470422
RENO,868574061530254
HUAWEI,867895047915827
SAMSUNG,355595472809979
SAMSUNG,861438051120152
SAMSUNG,351724119542140
SAMSUNG,354791641626268
SAMSUNG,351210010672970
SAMSUNG,352334701845676
XIAOMI,866348056127463
SAMSUNG,352438113507145
HUAWEI,864116041265561
SAMSUNG,351864452917366
SAMSUNG,353246114849427
IPHONE,357104911454881
IPHONE,357104911270667
IPHONE,352912118314673
IPHONE,352912118292465
IPHONE,350510549706053
OPPOA55,864989050160034
IPHONE,352164235162623
IPHONE,351664767661992
IPHONE11,357923218347443
IPHONE11,357923218675861
IPHONE13,356586867989715
IPHONE13,356586867952952
SAMSUNG,351910102127854
IPHONE12,353241899255577
IPHONE12,353241899670379
IPHONE,351082466358101
IPHONE,356811116102005
IPHONE,352856114493025
IPHONE,359663502883854
IPHONE,354457460518792
IPHONE,357923219991140
REDMI,867954064018781
SAMSUNG,355595479824500
VIVO,861838057751977
IPHONE11,355708337552631
IPHONE,353084780994379
IPHONE,355962311498127
XIAOMI,862625052568061
IPHONE12PRO,350742137726884
IPHONE11,354790152573984
IPHONE11,354790152507321
IPHONE12PRO,356684116354177
SAMSUNG,351610263142904
SAMSUNG,351745893142906
IPHONE,353066114386224
IPHONE,354797787454421
SAMSUNG,355220097404243
IPHONEXR,353885118711960
XIAOMIREDMINOTE11,860555068420068
SAMSUNGGALAXYA13,351044516731547
IPHONE,356799117537990
IPHONE,353239106198810
IPHONE,352831376011565
SAMSUNG,356589701981784
IPHONE,354790150954129
XIAOMI,861267062868420
XIAOMI,865885041519990
OPPO,868574067609813
HUAWEI,864988046567153
IPHONE,356460109666616
VIVO,862521066956287
IPHONE,350293720838264
IPHONEXR,353061103602848
IPHONE,355980280853494
IPHONE,352900110483521
IPHONE12,357782727358550
IPHONE12,357782727727226
OPPO,861066066035055
OPPO,862765052907818
IPHONE13,358824789929453
IPHONE,352865673720637
IPHONE,352865673668737
IPHONE,359708827914461
IPHONE,353013830768400
IPHONE,355084950228812
IPHONE,355084950127519
IPHONE,359708828129184
IPHONE,353013830366734
IPHONE,356586864697212
IPHONE13,359708334816104
TECNOSPARK,357047367482700
IPHONE,356867112167624
VIVOA31,863195053152885
VIVOA31,863195053152827
IPHONE,356024613917483
IPHONE,358718532607624
IPHONE,356789654123258
POCO,862844058274323
IPHONE13,351486310939802
IPHONE13,351486310923509
IPHONE11,352908116019611
IPHONE11,352908116110543
IPHONE14,350585889772386
IPHONE,350867186007983
XIAOMI,868909051032160
IPHONE,356496107548455
IPHONE,357688119231935
IPHONE,352865110642691
XIAOMI,861783056960684
IPHONE,355358084683422
IPHONE,357215092288160
IPHONE,356871118106214
SAMSUNGA53,355382703262413
SAMSUNGA53,359908273262411
SAMSUNG,356356732808643
XIAOMI,862017067630724
XIAOMI,868202058427488
XIAOMI,862520056228930
IPHONE,354002103034730
SAMSUNG,359625104739450
IPHONE,358522144996619
IPHONE,350022967371860
IPHONE,355665161666760
SAMSUNG,356844830840090
OPPO,860334047554040
SAMSUNG,355773080749740
SAMSUNG,350579455649760
IPHONE,355435970144860
IPHONE,354887325228330
IPHONE,869814037725650
IPHONE,357967051148980
SAMSUNG,350678891573240
XIAOMI,866797060206220
REDMI,865604055270303
IPHONE13,352203771352584
IPHONE13,352203771037052
IPHONE,358287290537795
IPHONE,358220489301863
IPHONE,358220488768740
IPHONE,352569484736036
REDMI,356553101511390
REDMI,356553105568507
XIAOMI,860232069011003
XIAOMI,865553068680026
HUAWEI,885755043380479
SAMSUNGS10,356127108508103
IPHONE13,356314953499246
HUAWEIPI20,862742044660359
XIAOMI,885950050533355
REDMI,864483055328156
SAMSUNG,355082592421480
SAMSUNG,351574187680011
IPHONE12PRO,350981863727118
IPHONE12PRO,350981863936842
SAMSUNG,358098971933894
IPHONE12,359015634110391
IPHONE13PRO,351436778235984
IPHONE,357688114200190
IPHONE,351475539615319
IPHONE,359328800447593
IPHONE,359328800193593
SAMSUNGJ9,359117096751242
IPHONE,352280412041461
IPHONE,359687304299044
IPHONE,352221368539512
IPHONE,358018155060007
IPHONE,357676150287239
HUAWEI,861267062332609
IPHONE,355782150803405
IPHONE13,356122179007796
IPHONE13,356122179402484
IPHONE,359214466121575
IPHONE,357782726365739
SAMSUNG,353100536295667
REDMI,866685042654657
IPHONE,353510609639126
IPHONE13,351430260064468
IPHONE13,351430260925122
IPHONEPRO11,353826108920076
IPHONEPRO11,353826109506395
REDMINOT8,866044058143661
SAMSUNG,354639109160310
IPHONE14,354827094934640
REDMI9C,356561117174760
IPHONE,353077104601829
IPHONE11,356811111601118
IPHONE,357782725544987
IPHONE,357782725925467
IPHONE13,356586866222852
IPHONE13,351803611992928
REDMI,865460051640808
IPHONE,355355081717422
HUAWEI,868244060788427
IPHONE,359052377378680
IPHONE,358220484303609
OPPO,860219056094571
SAMSUNG,352049240195827
IPHONE13,351488253943353
IPHONE14,356535322256152
IPHONE14,356535329005586
IPHONE,353929797222265
IPHONE,353929797978502
IPHONE,357329381533118
IPHONE13,353504863299941
IPHONE13,353504863339192
SAMSUNG,351597111549705
OPPOA53,867919059901804
SAMSUNG,353881486301514
IPHONE,351850723336874
IPHONE,357848537275779
REDMI,866364051771700
VIVO,868422050065611
XIAOMI,861722058004588
IPHONE12,356781405366621
IPHONE14,359687300355113
POCO,865086056587184
IPHONE,350510549409062
SAMSUNG,355382700752280
IPHONE13,351044636342167
IPHONE11,351174777632298
IPHONE12PRO,354991557536101
IPHONE12PRO,354991557285808
IPHONE,356723115409980
IPHONE,351770108230740
IPHONE,359451591693740
SAMSUNG,865504064589870
SAMSUNG,861312051992460
SAMSUNG,866394049890270
IPHONE,356866118494131
IPHONE,356314951446751
IPHONE,353232102757459
IPHONE,353216554092176
IPHONE13,356586869303758
IPHONE,356796487267166
IPHONE,358824786900465
IPHONE13,356586869253789
IPHONE,359052375854351
SAMSUNG,350928503395012
IPHONE,351572598341103
IPHONE,351664767886300
IPHONE,356024611499922
IPHONE,351664767931809
IPHONE,353929792544473
IPHONE,355178631048571
IPHONE,355178631892879
IPHONE,359001976046170
REDMI,861312054062556
IPHONE,355608706029775
REDMI,868909059991268
REDMI,864722057999744
IPHONE,357782726573530
SAMSUNG,353499868422284
IPHONE,350588702697293
IPHONE14,351344358973785
IPHONE,358538324157590
IPHONE,353851666023220
IPHONE,353851666548564
POCOF4,865998065396524
POCOF4,865998065396532
IPHONE14,358287298681033
IPHONE11,351174777940295
IPHONE14,356535326149312
IPHONE14,356011263180611
IPHONE13,356568868452598
SAMSUNG,350867771896852
VIVO,862521066956295
SAMSUNG,350331804033038
IPHONE,350019041331451
SAMSUNGA31,356560117693840
IPHONE12,352798298970271
IPHONE,356556102317717
XIAOMI,866101061052501
HUAWEI,862573044711029
REDMI,863134061384726
IPHONE,352048886747412
IPHONE11,358710337995056
SAMSUNGGALAXYA13,351044516252288
SAMSUNGGALAXYA13,351012646252285
IPHONE,352817101935370
IPHONE,350110410327240
XIAOMI,86172205806623
IPHONE13,352364228791798
SAMSUNG,357472101430924
IPHONE,355685278381966
XIAOMI,868214068914462
IPHONE,356314950825260
IPHONE,354786255605186
IPHONE,356594597674821
IPHONE,353036111831722
IPHONE11,356813111473654
IPHONE,351850726377255
IPHONE13,356586867001206
IPHONE13,356586866596065
IPHONE,355677813654346
IPHONE,355677813691157
OPPO,868574068509814
OPPO,868574068503806
IPHONE,352990485333872
IPHONE,352990485986182
IPHONE,352853113536953
IPHONE,352853113628826
IPHONE,353929795195510
OPPO,964310850331920
SAMSUNG,353325472184088
SAMSUNG,353634532184081
IPHONEXR,356456108418143
IPHONEXR,356456108415401
IPHONE11,352906118784646
REDMINOTE11,864028061988248
IPHONE,352391574762834
IPHONE,354457520919162
OPPO,865947068110275
OPPO,865947068110267
OPPO,866155060517492
OPPO,866155060517484
OPPO,865947068109798
OPPO,865947068109780
OPPO,865947068109871
OPPO,865947068109863
OPPO,865947068105473
OPPO,865947068105465
OPPO,866155060568917
OPPO,866155060568909
OPPO,866155060565475
OPPO,866155060565467
OPPO,866155060062911
OPPO,866155060062903
OPPO,865947068109830
OPPO,865947068109822
IPHONE,353905990335583
IPHONE13,353027948271297
IPHONE13,353027948434523
IPHONE13PRO,357782723813387
IPHONE,354504895476490
IPHONE13,356079141826853
IPHONE13,356079141248397
IPHONE,355960222096147
SAMSUNGS10,355374105140750
XIAOMI,868671057482761
IPHONE,352876700865568
IPHONE,351088763615333
IPHONE13,352691137022372
IPHONE,357366097648061
IPHONE,356680117332527
REDMI,862788062638827
REDMI,862788062638835
IPHONE,356050110023270
IPHONE,350058634477297
IPHONE,353047090422654
IPHONE12,350640547293745
IPHONE13,356079141229322
IPHONE13,356079141884266
IPHONE11PRO,353249106767441
IPHONE11,352224778815019
SAMSUNG,350133014097773
SAMSUNG,350906494097771
SAMSUNG,350684622059720
SAMSUNG,353117142059729
SAMSUNG,352886116661212
SAMSUNG,352886118916168
IPHONE,359577621113293
IPHONE,355435970977566
IPHONE,352987117997231
IPHONE,356419101677625
IPHONE12,352014961027294
IPHONE,359451592100715
IPHONE,359451591982980
IPHONE,353896104366004
IPHONE,353896104252014
IPHONE,356378585902562
IPHONE,351083735509144
IPHONE,350114369242990
IPHONE,350114369459453
IPHONE,359773716478721
IPHONE,359773711213560
IPHONE,354715688647960
IPHONE11,359130332280744
IPHONE11,359130332261421
IPHONE13,356586867445114
IPHONE13,356586867380899
IPHONE13,354789233189190
IPHONE13,354789233008143
IPHONE11,359676589525512
IPHONE11,359676589211360
IPHONE12,356609234562310
IPHONE12,356609234951976
IPHONE,355677814830890
IPHONE,355677814294902
IPHONE,352364227223447
IPHONE,352364227221813
IPHONE,356535329957570
IPHONE14PRO,359893872889949
SAMSUNG,352823707872154
IPHONE,353245106834736
IPHONE,353245106044948
IPHONE,356885196737971
IPHONE,356885197150380
SAMSUNGS22,355416331219468
SAMSUNGS22,355547981219463
SAMSUNG,354486114659728
LGX6,355989100321770
IPHONE,351066257949137
OPPO,866314058837475
IPHONE,536830102546616
REDMI,868588051357627
IPHONE,356961138427185
POCOX4PRO5G,863305066837526
POCOX4PRO5G,863305066837534
IPHONE,355130344920398
IPHONE,355130344136060
IPHONE,353426684304779
IPHONE,356717118988799
IPHONE,357143263960731
SAMSUNG,351708812499575
SAMSUNG,354268742499572
IPHONE,335943238787497
REDMI,869998057454311
SAMSUNG,357294614740288
IPHONE11,352894118606854
IPHONE11,352894119049237
OPPO,864404054411193
IPHONE,352280418325611
IPHONE13,358691738387145
SAMSUNG,350114363089694
IPHONE,356716115521081
IPHONE,356716115397730
IPHONE13PRO,353929795010167
IPHONE,351176564249673
IPHONE11,353244101876750
IPHONE,353242106472047
IPHONE,356586865684409
IPHONE,356586865586786
REDMI,863715062681167
IPHONE,350225626104888
IPHONE,350225625359103
IPHONE,351829680724868
IPHONE,351829680109300
IPHONE,351330889180010
IPHONE,351330889132581
IPHONE14,356266767146167
IPHONE,357782727838692
IPHONE14,355846127816053
IPHONE,350585886987383
IPHONE,356703851613975
IPHONE,358220482353655
REDMI,862788069251723
IPHONE13,353929796518432
IPHONE,355960221688829
IPHONE,355960222185619
OPPO53A,861438052029915
SAMSUNGA12,350153279135969
IPHONE13,357782723200707
IPHONE11,356929763770203
IPHONE11,356929763151743
IPHONE,356174410409117
XIAOMI,862122058425030
SAMSUNG,357510192387060
REDMI,355313406446090
IPHONE,354021081035510
IPHONE,355883617555560
SAMSUNG,868002051013330
IPHONE,352224778509661
IPHONE,351436772668894
SAMSUNG,352407513167677
SAMSUNG,354012640216815
IPHONE,354916454224840
IPHONE,355846125332095
IPHONE,356474104775157
IPHONE,353287216875089
IPHONE,356961130202651
IPHONE,351643937196840
OPPO,860309050572217
IPHONE,353216551302669
IPHONE,957573870554370
IPHONE,354440899371983
VIVOY33,863103055504896
IPHONE,351738580068609
IPHONE,350225636048382
IPHONE,352784983702679
SAMSUNGA13,351044515825233
SAMSUNGA13,354012645825230
IPHONE13,357569691819653
ONEPLUS10PRO,869623052989208
IPHONE13,358265583676603
IPHONE,353943238787497
SAMSUNG,357202061355200
IPHONE11,357771776938156
IPHONE,863265040823555
SAMSUNG,351820744819752
SAMSUNG,352036554819753
IPHONE,357177506166615
IPHONE,357177505512835
IPHONE12,354121939201113
IPHONE12,354121939011553
IPHONE,353929796220781
IPHONE,359914359598496
IPHONE,359914359974770
IPHONE14,350550250171469
IPHONE,359687303302284
IPHONE,355325634524187
IPHONE,359322448897236
IPHONE,354064854594122
IPHONE,351542667814525
IPHONE,355960224895298
IPHONE,354841666857825
IPHONE,351542669081065
IPHONE,354828353360155
IPHONE11,356565101246090
IPHONE13,355962310338530
IPHONE12PROMAX,357014742630924
REDMI,863285058499347
IPHONE,352653447704792
IPHONE,356079140082730
IPHONE12PRO,359583821329507
XIAOMI9C,862433065928970
XIAOMI9C,862433065928962
POCO,863548050139421
IPHONE11,351194968685830
IPHONE,350390128070662
IPHONE,350390124116287
IPHONE13,353265580502489
IPHONE,350735454498251
IPHONE,350735454963395
IPHONE,357620512432000
IPHONE,357820512700893
SAMSUNG,358780105801521
SAMSUNG,358781105801529
VIVO,863103053771190
VIVO,863103053771182
IPHONE13PROMAX,351678916210410
IPHONE13PROMAX,351678916687377
IPHONE14PROMAX,350054540344986
XIAOMIREDMIPRO9,866077059591348
IPHONEPROMAX12,350888742739471
HUAWEI,864283051277389
HUAWEI,864283051299383
IPHONE12,356781407638084
IPHONE11,359130331151417
IPHONE13PROMAX,356579550317641
IPHONE,352235580481915
IPHONE13,355600722220868
OPPO,864201042436815
OPPO,862632050534939
ONEPLUSNORDCE56,866673054521312
IPHONE,351952291728221
SAMSUNGA71,354486118019028
SAMSUNGA71,354487118019026
IPHONE,356375239851203
IPHONE,350585881117564
IPHONE,350019658590811
IPHONE,351572598569005
SAMSUNGA33,353401452524550
SAMSUNGA33,352221802524550
POCO,869374065996760
OPPO,862166054943937
IPHONE,356557101996162
IPHONE13,356586867925974
IPHONE13,356586867778886
IPHONE11PRO,353829108514790
IPHONE,351593240431959
IPHONE13,351667190980897
IPHONE13,351667190202045
IPHONE12PROMAX,356723115595552
IPHONE12PROMAX,356723116310969
REDMINOTE9,866891050916282
IPHONE,353052110654089
REDMI,867694048596990
SAMSUNGA41,354146111661636
REDMI,865553061270320
IPHONE,355487784754088
IPHONE,356596868048750
IPHONE,353742338703176
IPHONE,356644012435082
IPHONE,352012831301501
IPHONE,352012831306237
IPHONE,355870374954417
IPHONE,355870374785704
IPHONE,358800357652255
IPHONE,350585881249565
IPHONE,357730352838754
IPHONE13PROMAX,352966743915296
IPHONE,350585888072242
POCO,867592054177173
IPHONE,352794272748080
IPHONE,355041887065584
IPHONE12PRO,351572595598528
IPHONE,353687470955201
IPHONE,353687470652568
IPHONE,354064850883980
SAMSUNG,355382704788291
IPHONE14PRO,350585887326722
IPHONE13PRO,355786373227607
IPHONE,353068115439325
IPHONE13PROMAX,357782728331887
IPHONE14PRO,350585887848295
IPHONE13PRO,353929795522922
IPHONE12PROMAX,359237635943868
IPHONE12,359735197518820
IPHONE12,359735197635285
IPHONE13,357782727323638
IPHONE14PRO,356416671740551
IPHONE14PRO,356416671948378
IPHONE13,356649150752891
IPHONE,356378580242659
IPHONE,356378580278851
SAMSUNG,350928502254616
SAMSUNG,352801302254615
IPHONE,357504142094250
IPHONE,353985109999030
IPHONE,351999629494570
IPHONE,353219103844530
IPHONE,358823344207110
SAMSUNG,359638220647280
IPHONE,357782726041330
IPHONE,355541824875330
IPHONE,356388109635170
XIAOMI,863507053234890
XIAOMI,866876051805020
IPHONE,354877091227590
IPHONE,350360638998260
SAMSUNG,351598112858710
OPPO,865986050550430
IPHONE,357339099664120
IPHONE,355313404589580
SAMSUNG,352036554606380
IPHONE,357624699996890
IPHONE,355774084809160
IPHONE,352930111553040
OPPO,865432055635050
IPHONE,356705086691200
IPHONE,352003571737310
SAMSUNG,355255114277780
IPHONE,353242105714340
IPHONE,352707666759160
IPHONE,352866111968380
IPHONE,353935592348170
SAMSUNG,352682502133332
IPHONE13PROMAX,353165806987917
SAMSUNG,354838354202490
SAMSUNG,359658821422030
IPHONE,354833967343930
IPHONE,357846855139810
IPHONE,358522144996610
IPHONE,353902108947800
IPHONE,355788053639390
XIAOMI,867679068419960
SAMSUNG,354601552496040
IPHONE,356713118708240
XIAOMI,860598067433640
IPHONE,35733236979802
IPHONE,353929792871843
SAMSUNG,355382706411165
IPHONE13,359214467185934
IPHONE13,359214467150946
IPHONE11,356860112219784
IPHONE11,356860112040792
IPHONE11,359676580113102
IPHONE11,359676580066763
SAMSUNGA53,356908780491837
SAMSUNGA53,357795580491839
IPHONE11,359139862238774
IPHONE12,353048111953859
IPHONE12,353048112173234
IPHONE13,352561336908848
IPHONE13,352561336787630
IPHONE12,350400616726194
IPHONE12,350400616678619
IPHONE11,350160483865828
XIAOMI11PRO,865836052527422
IPHONE13PRO,350879903326091
IPHONE13PRO,351559307574335
IPHONE,352604706316430
XIAOMI,865871042179680
IPHONE13,356649150886650
IPHONE,358629091516033
OPPO,869145032256458
OPPO,869145032256441
OPPO,862562053828279
OPPO,862562053828261
HUAWEI,350470834093305
HUAWEI,350470834093313
IPHONE13,357492903911889
IPHONE,350888741884427
SAMSUNG,356560115795786
IPHONE,356550102101767
IPHONE14,356300799970920
REDMI,865490058370690
SAMSUNG,354917591004582
SAMSUNG,354127114604666
IPHONE13,352364228780965
IPHONE,359455901643745
IPHONE,350642176760680
IPHONE,863492042097700
IPHONE,354957730021720
IPHONE,355591194830542
IPHONE,359137276233019
IPHONE,359451596406969
IPHONE11,356596108448025
SAMSUNGS21,358625331395091
SAMSUNGS21,359466601395092
IPHONE14,350585883414118
SAMSUNGGALAXYС22,353074285445753
SAMSUNGGALAXYA71,352639114414179
IPHONE13PROMAX,359687300260107
IPHONE,352280412027833
IPHONE,352280412240998
IPHONE13,356586866222688
IPHONE13,356586865650038
IPHONE,355435979452249
IPHONE,356451106190213
IPHONE,352113533275942
IPHONE,352113533086190
OPPO,860821056996471
IPHONE,350022960514982
SAMSUNGGALAXYА52,350868252390055
IPHONE14PRO,351083738145839
IPHONE14PRO,351083739077551
IPHONE11,355900704186784
GIONEE,863854037094964
GIONEE,863854037084965
IPHONE13,357782727416119
SAMSUNG,353232115164008
IPHONE,351194962509648
SAMSUNG,865029054160075
IPHONE,355658236968430
IPHONE13,358824785210023
IPHONE13,358824785128852
IPHONE,357782726223359
XIAOMI,866907047491161
IPHONE,353978101114924
IPHONE,356348391315374
IPHONE,356700115738309
IPHONE13,351680928631820
SAMSUNGA10,358973104101860
REDMI9A,864748054186390
IPHONE,354440899916324
REDMI9A,351911110545530
SMART6,357689101884520
SAMSUNGS20,864113056458430
SAMSUNGA20,355711104637550
SAMSUNGA10,860334045562770
SAMSUNGA50,355304227022560
SAMSUNG,352095201957080
SAMSUNGA3,354639107846450
SAMSUNG,350699184919350
IPHONE14PROMAX,350550254320807
SAMSUNG,352222011568949
SAMSUNG,351422060117521
IPHONE,356973042539682
VIVO,861122045933180
POCO,862987086272355
HUAWEI,869297081539212
IPHONE,354859090374530
OPPO,866342072312593
SAMSUNG,357938092765809
IPHONE,355169428070175
IPHONE,351943036544431
SAMSUNG,352197042536983
IPHONE,350666975677570
IPHONE,354991557707561
IPHONE,354991557334911
SAMSUNG,352539611497357
IPHONE,350585885972857
IPHONE,356677016988631
IPHONE,351131022519678
IPHONE,351532069870140
OPPO,869791088621398
IPHONE,356128051988293
IPHONE,353233097128516
IPHONE,357234011121040
IPHONE,355244043020124
IPHONE,355347423425323
XIAOMI,356266280780703
IPHONE,353427981288301
IPHONE5,990002779130523
IPHONE13,356586868430439
SAMSUNGA52,354550807200247
SAMSUNG,355595472601533
IPHONE,352860111755733
SAMSUNGA13,351044515509407
SAMSUNGA13,354012645509404
IPHONE13,355130348672169
SAMSUNGA50,356644307450111
IPHONE,356806116213745
XIAOMI,865298050243223
IPHONE,350270054157982
IPHONE,350270053914540
IPHONE13,350636593971510
IPHONE7,359163078598060
IPHONE13,352905617550710
IPHONE14,350867185895340
IPHONE11,356815118735930
REDMI11,866101064439500
IPHONE13PRO,359308703463150
IPHONE7,861575069827440
IPHONE11,356561104708440
SAMSUNG,867017055198010
IPHONE13,863500046842030
IPHONE11,356811113198490
IPHONE11,356346106458610
IPHONE13,353240582145360
SAMSUNGA32,353823703244670
SAMSUNGA51,354595384269770
SAMSUNGA51,355255113718650
REDMI,862163052573200
IPHONE14,350867184733700
IPHONE,354874938024040
HUAWEI,861744047447876
REDMINOTE9,860295044456742
IPHONE,352901110333138
IPHONE11,354790155097262
IPHONE14PRO,356378581236155
IPHONE14PRO,356378581325479
IPHONE,359676580608044
VIVO,860672068810998
IPHONE14,350390128111300
IPHONE,350867186115927
IPHONE13,356586867255588
IPHONE,356935704536700
OPPO,866018050746590
HUAWEI,359176102943370
MEIZU,863113048444290
IPHONE,359710390999890
SAMSUNG,350331809174640
IPHONE,353510608308420
SAMSUNGA33,352221804633470
IPHONE,356427672492190
IPHONE,356797114797840
HUAWEI,866237045001540
XIAOMI,865028030036840
REDMI,867117041219000
IPHONE,358612414168920
SAMSUNG,351044516076230
SAMSUNG,351044516753525
IPHONE,356586866530370
REDMI,866891059846360
REDMI,358245104901650
IPHONE13,353929796883794
IPHONE,351084394610199
IPHONE,351084394641277
NEFFOS,869229040216561
XIAOMI,861234055680360
XIAOMI,861234055680378
IPHONE13,354199610792477
IPHONE14,354316415137712
IPHONE,351696728851221
IPHONE,351696728884024
SAMSUNGA50,359463104838351
IPHONE14,350636276193981
IPHONE,354811956019204
IPHONE,353929795147852
IPHONE,353929795236044
SAMSUNG,351724117923007
POCOX4PRO,863305062761324
IPHONE,354849096306776
REDMI8,861495048919500
IPHONE11PRO,353844103442129
IPHONE11PRO,353844103449553
IPHONE,357782726076427
IPHONE,357782726324561
IPHONE13,358691735078630
POCO4,863305062099188
SAMSUNG,350635586138470
IPHONE13,358691755078680
IPHONE12PRO,356037848002103
OPPOA96,861817056366730
VIVO,868369059580092
SAMSUNG,356007115501988
OPPO,865755069124894
IPHONE13PROMAX,357782723424877
IPHONE14PRO,350585885447900
IPHONE14PRO,350585880508425
IPHONE,350666971897495
XIAOMI,864927042545581
SAMSUNG,352792447324811
SAMSUNG,355082591154702
IPHONE,350114360724855
IPHONE,351671398246150
IPHONE,358408878307910
IPHONE,356656424170479
XIAOMI,865298055131340
VIVOY12,863142044817332
IPHONE,355984573626716
IPHONE13,352280410936175
IPHONE14PROMAX,359451598904623
SAMSUNG,352095200886889
SAMSUNGA23,354940415746238
REDMI9C,867166063558127
IPHONE12,351572592441318
IPHONE11,353833105986746
IPHONE13,358824785146847
SAMSUNGA51,355036116551073
IPHONE13,352280418725026
IPHONE14PROMAX,357730386180699
IPHONE13,350019654194410
IPHONE13,352280418589481
OPPOA54,862892052098016
IPHONE,357862881915815
IPHONE12,354009843587331
IPHONE13PRO,356955708344937
XIAOMIREDMINOTE8,861758046432739
IPHONE,356682978787138
SAMSUNG,353431135579487
SAMSUNG,351267961290335
SAMSUNG,353223831290334
IPHONE,352280419546467
IPHONE,352818112682538
IPHONE13,352990483497400
SAMSUNG,351838358383813
SAMSUNG,355844448383812
SAMSUNG,863184046244470
IPHONE,352280419889607
IPHONE12,353490921553950
OPPO,867919059808199
OPPO,867919059808181
REDMINOTE9,868401058835464
IPHONE12,359490232146569
IPHONE,352672768592974
IPHONE,357261091557592
IPHONE,350867188733677
IPHONE,350302393641200
IPHONE,356929765189667
IPHONE,353340190433428
IPHONE,357536390478917
SAMSUNG,351044519074838
IPHONE13,356586867691766
SAMSUNG,358228106657803
IPHONE,350351901029143
IPHONE,356820554568882
SAMSUNG,355382706425082
IPHONE11,353992104663050
IPHONE,359773710692178
IPHONE11,353992104526620
IPHONE11,354396702956099
IPHONE11,354396702668942
IPHONE13,359314467424747
IPHONE13,359214467304907
IPHONE12PROMAX,356724114148831
IPHONE13PROMAX,354941732655912
IPHONE13PROMAX,354941732745390
IPHONE,352484681235792
IPHONE,352484681833109
POCO,861664055235353
IPHONE,351786562664036
IPHONE,353052111728220
IPHONE,350636596726569
IPHONE,356554102518244
SAMSUNG,352630603773761
IPHONE,357474409432404
IPHONE,356586866539362
XIAOMI,861440055461411
SAMSUNGS10,353291110582304
IPHONE,352979110077111
SAMSUNG,352844254620433
IPHONE,356693117184038
IPHONE,351166890029972
XIAOMI,865010065245089
IPHONE,351143340228165
IPHONE,353504864805118
IPHONE,351131120377365
MIA2LITE,868137038758638
SAMSUNG,351552170284223
MIA2LITE,868137038758646
TECNONEO,358987935456703
IPHONE,358281864053909
SAMSUNG,869083062602490
REDMINOTE11,860555060771369
REDMINOTE11,860555060771377
IPHONE,358805090222357
OPPO,868574067571054
SAMSUNG,350867771609359
IPHONE,359237900877874
SAMSUNGA3,352240894693619
SAMSUNGA3,352321874693617
IPHONE,350522073793886
XIAOMI,864726053321320
SAMSUNG,356560111510050
OPPO,862892052078230
IPHONE,354865093854820
XIAOMI,862017060465170
OPPO,861817058748480
IPHONE,355126466093820
SAMSUNG,351597112340240
XIAOMI,865298051855340
IPHONE,357316494582371
IPHONE,357648387469823
IPHONE,357648387453413
IPHONE,350270059979430
IPHONE7,356391105808383
IPHONE11,352224772127312
IPHONESE,356794113685497
IPHONESE,356794113708364
IPHONE13,356586865857666
IPHONE13,350566101761837
IPHONE,353019114415667
REDMINOTE11,869896066546608
IPHONE13,351678910666328
IPHONE13,950024064225556
IPHONE,357959803967534
POCO,861411058053564
IPHONE14PRO,350585887868079
SAMSUNGA52,355595472273929
SAMSUNGA52,354550080871944
IPHONE14,350390129566676
IPHONE,863917061870540
OPPO,862166054944190
IPHONE13PRO,353501804027619
IPHONE,357818709976066
SAMSUNGGALAXY,861980042465220
IPHONE13,357149970661355
IPHONE13,351488254838362
IPHONE13,358824788766310
IPHONE13PRO,350753240995530
IPHONE13,355130349926325
IPHONE,354457460204120
IPHONE14PROMAX,359687301267531
IPHONE13,865298056147180
IPHONE,350550257845248
IPHONE13,355623125600726
IPHONE14,359265389492386
IPHONE14PRO,357862885122098
IPHONE13PROMAX,357782726098223
IPHONE13PROMAX,357782726594833
REDMI9C,866538055451845
SAMSUNG,353020112701108
OPPO,356649157699269
SAMSUNG,357316499412913
SAMSUNG,865781045379129
SAMSUNG,353017119818828
SAMSUNG,353929795099822
SAMSUNGGALAXYA4,353931241336998
IPHONE7,358685098299320
SAMSUNGGALAXYS22,350330058294213
IPHONE,357737810994610
IPHONE,356609230437830
SAMSUNG,353272496717620
IPHONE,353063108357246
VIVO,868422050619094
IPHONE,357782726597497
IPHONE,357782726786769
IPHONE,356587109058749
IPHONE,356587109785465
IPHONE,352484816143515
IPHONE,352484816385405
IPHONE,351084398559525
IPHONE,357889109103757
REDMI,866607048967861
IPHONE,353906108835621
IPHONE,350390126779884
IPHONE,350390126111286
SAMSUNG,350498550497707
SAMSUNG,352155350497703
IPHONE12,354244476475344
IPHONE12,354244476097189
IPHONE,352830113597912
IPHONE11,356656422362227
IPHONE11,356656422250026
IPHONE13PROMAX,385592373649387
IPHONE13PROMAX,358592373616428
IPHONE,352003579947381
IPHONE14PRO,350585886633805
IPHONE14PRO,350585882714872
IPHONE,351228764332732
IPHONE,353763697051817
IPHONE,354741661758848
SAMSUNG,350678892293381
OPPOA9,863610042441404
IPHONE12PROMAX,357763863445641
OPPO,864821068890346
REDMI,865010062915643
REDMI,860253065947743
SAMSUNGS21,358425144845598
SAMSUNG,354487116748774
SAMSUNG,356885060940925
SAMSUNG,350972020946345
IPHONE,354872091341267
IPHONE13,351138105227535
IPHONE13,351138105098407
OPPO,864326059964753
OPPO,864326059964746
SAMSUNG,852734230308676
SAMSUNG,355123290308676
IPHONE,350640540569703
IPHONE,357648382746050
IPHONE,353568250524443
SAMSUNG,350146812030739
XIAOMIREDMINOTEPRO9,867679068013301
IPHONE14PROMAX,356903557647840
IPHONE,355084950865191
IPHONE13PROMAX,352206205511390
SAMSUNG,351770108202050
VIVO,867253054664010
IPHONE12MINI,353310074807340
IPHONE14,350585885111450
IPHONE14PRO,353730795692870
OPPOS7,357914106676640
XIAOMI,865288067271457
IPHONE,351183328710701
IPHONE,356586867685543
VIVO,863195053139873
IPHONEXSMAX,357283097782339
IPHONE,358265589911368
IPHONE,352552199236385
IPHONE,353013830723900
REDMI10,867469059403823
REDMI9A,862375066911408
IPHONE11,354396706427394
IPHONE11,358292241572461
IPHONE,350867185632922
VIVO,867253054780819
IPHONE,354347183021267
IPHONE,354837092421962
IPHONE,350585886236153
IPHONE,357095186850540
IPHONE12,354009846325770
REDMI,865504063761329
IPHONE12PROMAX,359735195003817
IPHONE13,356122176543926
IPHONE,350263909526782
SAMSUNG,357107768817738
IPHONE,350550257378638
SAMSUNGA33,356356732372392
REDMI,868620067190484
REDMI,868086051586402
POCO,860835057733907
IPHONE,352897116665657
IPHONE,353687473687967
IPHONE,356759085769827
OPPO,861817056121358
IPHONE,350953320205798
IPHONE14,350114365355267
IPHONE14,350114365049969
IPHONE,355041884487666
REDMINOTE12PRO,861485066179087
REDMINOTE12PRO,861485066179095
IPHONE11,355685271124785
IPHONE11,355685270705766
SAMSUNG,355399278710303
IPHONE,357648388123411
IPHONE14PROMAX,358165606273240
VIVO,861057069659355
VIVO,861057069659348
IPHONE,352280412396832
SAMSUNG,350684621928420
IPHONE,353340196184900
IPHONE,357573871375882
IPHONE,357573871810201
SAMSUNG,358245104613947
SAMSUNG,358425143520242
SAMSUNG,350532454236132
IPHONE,357183963768349
SAMSUNGA53,353881486164318
IPHONE,356586686533738
IPHONE,356602100542170
VIVO,862918059113330
SAMSUNG,356467104071830
IPHONE,356168210221680
VIVO,354290372641490
IPHONE,358464978868871
OPPO,354371868168950
VIVO,355471568890671
IPHONE,356731113796940
IPHONE,357711918656829
XIAOMI,865504064692360
SAMSUNG,356928105558102
SAMSUNG,355497593935967
IPHONE,356891462828577
IPHONE11,356864110507422
SAMSUNGA53,355382706424762
IPHONE,356891462828577
IPHONE,358611747491555
IPHONE14PROMAX,356535324114599
IPHONE14PRO,357555417874494
IPHONE14PRO,357555417757699
IPHONE,350862693881252
IPHONE,350852693512105
SAMSUNGGALAXYA12,355123290467548
SAMSUNG,351820749596116
IPHONE13,355843800583308
IPHONE14,356416677474882
SAMSUNGGALAXYA13,352734230467578
REDMINOTE7,866042047774390
IPHONE,354828359872039
IPHONE12,359137274415501
IPHONE13,356586867508929
IPHONE,353053114747357
IPHONE13,353013830999583
IPHONEXS,357211092606153
VIVO,860672068837058
SAMSUNG,354550803032834
SAMSUNG,355680110279007
IPHONE,355435976747430
VIVO15,868422051745240
IPHONE14PROMAX,350585880414533
REDMINOTE12,863384047166790
IPHONEX,354873091492950
IPHONE14PRO,359451591038660
SAMSUNG,350466273044740
IPHONE,356802116889774
REALMEC21Y,861672054882299
IPHONE14,357316493685791
SAMSUNGA6,357109111762212
REDMI,862433069047264
IPHONE14PROMAX,354828354452977
REDMI,869367046651785
SAMSUNG,350928503397729
SAMSUNG,350906496904446
SAMSUNGA50,358583105480373
IPHONE11,356806117363258
IPHONE11,356806118419241
IPHONE11,352509583918820
SAMSUNGGALAXYS20,355362118281059
REDMI,867414063861860
OPPO,865755057808852
SAMSUNG,352350114280360
IPHONE,356303087740020
IPHONE,350867187382870
REDMI,868955058064100
SAMSUNG,862204050403350
IPHONE,350196692897710
POCO,861411054971530
IPHONE14PROMAX,355281436474156
IPHONE,352992118177390
IPHONE,350867189604630
IPHONE,351166893981150
IPHONE,358731092796130
IPHONE12,353004110083651
IPHONE14,350390122744122
IPHONE,353236105639309
IPHONE,155513314029367
IPHONE,356780114102240
IPHONE,354482117035000
REDMI,869228057257880
IPHONE,351330881192150
SAMSUNG,352523322591410
REDMI,863883057297290
SAMSUNG,350867186908500
REDMI,866101065444800
IPHONE,356576108762520
IPHONE,356535327300210
IPHONE,352798298250790
IPHONE,352561337716750
IPHONE,354872092499810
IPHONE,351083733523830
IPHONE,350750728796230
IPHONE,867252062785990
IPHONE14PRO,357289402861460
IPHONE14PROMAX,356535329173624
IPHONE14PROMAX,356535328314856
IPHONE11,352992116636004
IPHONE11,352992115646327
IPHONE,352364225096495
IPHONE,352364225111404
VIVO,660672068987655
REDMINOTE11,868824055037890
IPHONE11PROMAX,353921103982104
IPHONE11PROMAX,353921104078738
IPHONE,350585880992249
IPHONE12,351696725038415
IPHONE,352912116194190
IPHONE,358627090405083
IPHONE14PROMAX,357132538220542
IPHONE14PROMAX,357132538995366
IPHONE14,354852317331730
IPHONE14,354852317718761
IPHONE,352989114472070
IPHONE,356724116205890
SAMSUNGGALAXYA33,352221809847938
SAMSUNG,350131656812194
IPHONE,352807141727331
IPHONE,352984118618874
REDMI,867849061619500
IPHONE,354548725259477
SAMSUNG,356990919937773
IPHONE,350585783745999
IPHONE,351082467435353
SAMSUNG,353232110113679
SAMSUNG,350867772745442
HUAWEI,860726066621755
HUAWEI,860726066636753
IPHONE14,355794428671332
IPHONE,357862885961330
OPPO,869715049036910
IPHONE,866966061838860
IPHONE,352717090216050
IPHONE,353253180344430
SAMSUNGA31,356561114914740
IPHONE,355786373227605
IPHONE13PROMAX,352206201691497
IPHONE13PROMAX,352206201743793
IPHONE,353045112408412
SAMSUNG,865553667937380
IPHONE,353045117180081
SAMSUNG,351664769360870
IPHONE12,357573879398340
IPHONE11,359595819078160
SAMSUNG,865504062476980
IPHONE,350550259352318
IPHONE,335011436308969
IPHONE,355315088163700
IPHONE12,359669602114133
IPHONE11,350160483061860
IPHONE,353048094027929
OPPO,867919058638761
SAMSUNG,354218075307410
IPHONE13,358800350365962
IPHONE13,358800350338191
OPPORENO,862743060219559
IPHONE14,353490921558473
IPHONE,351089490975219
XIAOMI10PRO,867105054083935
SAMSUNGC22,354601552979913
IPHONE,358047323507227
IPHONE13PRO,359308704640576
IPHONE,353990991583860
IPHONE,353990991113619
IPHONE,357227097397804
IPHONE,357227097014441
IPHONE,352048888589465
IPHONE,352048888992016
IPHONE,358110346754018
IPHONE,358110346765105
IPHONE,359708823831685
HUAWEI,860726065779315
IPHONE,352221805675531
IPHONE,351088761939644
IPHONE,353974647409290
IPHONE,353974647347854
IPHONE14PRO,359455901311810
REDMI,860793054723720
REDMI,860793054723730
IPHONE12,350839223821171
IPHONE12,350839223836229
SAMSUNGA32,350684621374310
SAMSUNGA32,353117141374319
IPHONE,352552195820885
IPHONE,352895116321156
SAMSUNG,359348652242835
POCOX3PRO,866985059889506
POCOX3PRO,866985059889514
IPHONE14,350058638928295
IPHONE14,350058637954110
IPHONE11,355435976747435
IPHONE11,355435978153483
IPHONE14PROMAX,350867185344056
IPHONE14PROMAX,350867183896446
IPHONE13,353483519392063
IPHONE13MINI,355962311469664
REDMINOTE8PRO,865885047016975
IPHONE14,355833863686940
IPHONE14,355833864353730
IPHONE14,359687306160145
IPHONE14,359687304555411
IPHONE14,350585883407682
SAMSUNG,352956241931452
REDMI,869646049580111
ZTE,863054061268358
IPHONE,350196694946155
XIAOMIREDMINOTEPRO,865861063817786
IPHONE11,351082467871045
IPHONE11,351082467828144
IPHONE13,356122175763699
ZTEBLADEV40VITA,863054060800490
ZTEBLADEV40VITA,863054060778894
IPHONE,356552103539300
REDMIA9,369751069098940
REDMI,868824056313470
SAMSUNG,357555412448990
SAMSUNG,357695130239520
IPHONE14PROMAX,355281436106170
IPHONE12,353253187629840
IPHONE13,352280412718880
SAMSUNGA12,359082621443830
REDMI,868360054454580
IPHONE13PRO,355084950120450
SAMSUNGA10,354483110103480
IPHONE14PRO,350390127095498
IPHONE11,352864110160473
IPHONE14PROMAX,359056810162049
OPPOA57,860941062459960
OPPO,860528056556260
IPHONE,357771779673024
REDMI,866797063584050
REDMI,866797063584043
IPHONE,352806849668268
SAMSUNG,358212583086086
IPHONE,359687301487071
SAMSUNG,356908780852145
SAMSUNG,357786472790727
REDMI,868545061333766
REDMI,356994051740810
IPHONE,350867187661069
POCO,863548052552480
POCO,864064043715904
REDMI,868256066853523
SAMSUNG,350370851335821
IPHONE13PROMAX,356955709239540
IPHONE13PROMAX,356955708999987
XIAOMI,866962043757974
ONEPLUS,867192059361771
IPHONE,352994534867518
IPHONE,350585883736049
IPHONE,353826103570256
IPHONE,355623123171530
POCO,869168062699322
POCO,864926057252844
SAMSUNG,350299941208856
POCO,866051064863927
IPHONE,358416184750517
IPHONE,353425687349243
REDMI,867406047815239
IPHONE12,355513317432147
IPHONE12,355513317610809
SAMSUNGGALAXYA70,868524062438783
IPHONE13PRO,735228041219305
IPHONE,350981864759664
IPHONE,351467537342392
IPHONE,353917856700214
IPHONE,351123625678540
IPHONE,357959800939304
IPHONE,350585885285888
REDMI,863134061616747
IPHONE,356811112271713
IPHONE13,350056835158146
IPHONE13,350056835427624
SAMSUNGS21,350928502929415
SAMSUNGS21,352801302929414
IPHONE11,356816116199935
SAMSUNG,357865261163641
SAMSUNG,358164361163647
VIVO,866634063370216
VIVO,866634063370208
VIVO,861838056417040
IPHONE,351145700955580
SAMSUNG,351791646083000
IPHONE,356442105713120
IPHONE,356694110436441
REDMI,867087065651647
SAMSUNG,356525687832140
REDMI,865328041122050
REDMI,867253056157570
SAMSUNG,359175107774610
REDMI,866797062478924
INFINIXZERO,351198641082059
INFINIXZERO,351198641082042
SAMSUNG,352711098784810
POCO,860835059048980
IPHONE,356689115010240
REDMI,866876056084780
SAMSUNG,356648101700560
IPHONE,356867112801470
SAMSUNG,354003361169100
IPHONE,355794424828620
IPHONE,357078168016240
IPHONE,356714110203900
IPHONE,358710337930690
TECNO,353918140941780
IPHONE,352192202765080
SAMSUNG,355243033526550
SAMSUNG,355497593935960
IPHONE,357862885942955
IPHONE14PROMAX,357588200423161
IPHONE14PROMAX,357588200356205
IPHONE,350550250269628
IPHONE,358763466066711
REDMI,861722057154673
SAMSUNG,356059115821528
IPHONE,355794428379944
SAMSUNG,356434082008161
HUAWEI,869438049820477
HUAWEI,869438049840483
IPHONE,356885191071657
IPHONE,356885191103336
SAMSUNG,353297110454613
SAMSUNG,353298110454611
HUAWEI,866237047486429
IPHONE,350320740367675
IPHONE14PROMAX,357711913869600
OPPO,868574067539556
SAMSUNG,356356731555130
SAMSUNG,357905551555120
IPHONE,351554306339433
SAMSUNG,354350809144617
IPHONE,352824480030649
SAMSUNG,350854165207032
SAMSUNG,355382704508632
IPHONE14,350390124031601
XIOMI,868615064666288
IPHONE,359237903718562
IPHONE,352978099992654
VIVO,863103054636657
VIVO,863203054636640
SAMSUNG,350370858572491
IPHONE11,869163068892245
IPHONE14PROMAX,350867187074891
IPHONE14PROMAX,350867187053330
IPHONE,355374175196930
IPHONE13,357688112387957
IPHONE13,357688112333233
SAMSUNG,355320544005005
VIVO,863103053915334
OPPO,863610042510604
XIOMI,869163068892252
IPHONE,351643934574247
IPHONE,353031114382748
IPHONE,359687309297084
IPHONE,359687309849413
IPHONE11,352896116564217
IPHONE11,352896116680344
SAMSUNGA52,354508048853709
SAMSUNGA52,357276394853704
VIVO,861838057820491
VIVO,861838057820483
IPHONE,354957730021725
IPHONE,354700280028686
SAMSUNG,358364100773488
IPHONE,352280412685945
XIAOMIREDME,868063056855140
IPHONE14,350390121307418
IPHONE14,350390127578343
IPHONE11,357818704606437
IPHONE14PROMAX,354316415241209
SAMSUNG,868909056495545
SAMSUNG,868909056495552
IPHONE,352981110074460
IPHONE,354828357555818
IPHONE14PRO,357289400181663
POCOX5PRO5G,869168066437968
IPHONE14PRO,358547326257696
IPHONE14PRO,357289400923239
REDMI,867231059329295
OPPO,866018054467431
IPHONE,352203774205380
IPHONE,352622996495030
IPHONE,350537090600510
IPHONE,356455104697770
XIAOMI,869228051863900
IPHONE,354789233628490
OPPO,860466054638720
IPHONE,352192204863470
IPHONE,352885115835780
XIAOMI,860823050906430
SAMSUNG,357521165542860
OPPO,865986050627860
SAMSUNG,353823702287540
SAMSUNG,354290373641860
IPHONE,356148093104880
SAMSUNG,355497596761300
IPHONE,356585754323250
SAMSUNG,359118091032880
XIAOMI,866635026429790
POP,867034054222810
SAMSUNG,356280236639780
SAMSUNG,354484115600970
IPHONE,867990050149480
XIAOMI,866797065877850
REALMI,860308056877850
POCO,861149057143590
XIAOMI,863548052455100
IPHONE,350158427221690
XIAOMI,866646055501060
XIAOMI,862317054967860
XIAOMI,863610043191650
IPHONE,356564106965600
IPHONE,356691117268340
POCO,868671058178610
IPHONE,352990113177670
POCO,867701066540200
IPHONE,352484681572320
XIAOMI,869953065433660
IPHONE,357788124876130
IPHONE,355711106457560
IPHONE,354548729569170
XIAOMI,861954061716140
IPHONE,356885198926910
IPHONE,356712115506690
IPHONE,353640093014970
IPHONE,352484681072010
IPHONE14PRO,358047327608740
IPHONE,358839814724437
SAMSUNGA52,355595479891129
SAMSUNGA52,358463329891129
ZTE,861167060109381
IPHONE,353919102279464
IPHONE,351243328435749
IPHONE,354469404002740
IPHONE,356136094139360
POCO,867035054172240
SAMSUNG,352404911928321
IPHONE13PROMAX,350566107733954
IPHONE13,358538776970896
REDMI,862625052385821
REDMI,862625052385839
SAMSUNG,355258092639950
SAMSUNG,355259092639950
REDMI,868360051002800
REDMI,865880048581380
SAMSUNG,351268280805878
IPHONE13,351264789009146
SAMSUNG,355009521394690
IPHONE14,325041885116132
IPHONE14,355041886100846
IPHONE13,352114956701315
VIVOV25,866634063304132
REDMINOTE12,860253068818800
IPHONE11,355125530537832
SAMSUNGGALAXYZFOLD5,700000000393391
IPHONE14PROMAX,350867182074979
OPPO,861066066273011
IPHONE14PRO,350585888129190
IPHONE13,356417997598624
IPHONE14,351454813760141
XIAOMIREDMI10C,869943061690922
XIAOMIREDMI10C,869943061690930
REDMI,860619064650110
SAMSUNG,356648101594400
IPHONE,356430101317250
IPHONE,359663602096998
OPPO,358473484564000
IPHONE14,359265387129956
IPHONEXS,356174097099967
IPHONE14PRO,358047327808258
IPHONE11,356566108780487
IPHONE11,356870111618266
OPPO,864965063153398
SAMSUNG,350131655370871
REDMI,863138060667460
SAMSUNGGALAXYS21,352733560881120
SAMSUNGGALAXYS21,351719740881123
REDMI,864087064033730
IPHONE,351852850914570
SAMSUNG,359908274243640
IPHONE14,353780672399482
IPHONE14,353780672946902
IPHONE13,358763461075401
IPHONE14,357629662998587
IPHONE14,357629662262836
XIAOMIREDMI10C,861954062078676
XIAOMIREDMI10C,861954062078668
IPHONE14,355721796200436
IPHONE15,355721795183385
IPHONE,355833868892816
REDMI,869812059240026
REDMI,869812059240034
IPHONE,359922413417512
IPHONE,359370798102467
IPHONE,350160483094205
IPHONE,353075112109041
IPHONE,355794423293892
SAMSUNG,358212580446705
POCO,869168063973445
OPPO,864821069459414
OPPO,864821069459406
SAMSUNG,350077874112588
REDMI10C,868174066208186
REDMI10C,868174066208194
REDMI9C,865834057451789
REDMI9C,865834057451797
IPHONE,353041095554041
IPHONE,358239122926365
SAMSUNGA13,352098790542177
SAMSUNGA13,353149260542178
IPHONE14,356535324573984
IPHONE,356586868318369
IPHONE,350390128379113
IPHONE,357771770462468
IPHONE,357771770345481
REDMI,861573042517610
SAMSUNG,861819040293830
REDMI,355624097796040
IPHONE,860309050632370
SAMSUNG,354994115765330
REDMI,353314090587570
SAMSUNG,357656088332420
IPHONE,352837113731070
SAMSUNG,861758046501517
IPHONE,356585750642150
IPHONE,353836108198020
IPHONE,353832105372270
IPHONE11,357959804809032
IPHONE11,357959804713895
IPHONE14,358165607973798
IPHONE14,358165607514287
IPHONE12,353167667738231
IPHONE12,353167667605760
REDMI,864061066144690
IPHONE11,353061283042021
IPHONE14,356535325897705
POCO,869374060077624
IPHONE11,351082468403384
IPHONE13,358763461075402
IPHONE,353266548780576
IPHONE,864594061535925
IPHONE,353248107309922
IPHONE,357004288571392
IPHONE,350504992994399
IPHONE,350504992847845
SAMSUNGA31,356560112643823
IPHONE14PROMAX,357711915880281
IPHONE,355178639381142
IPHONE,355178639580781
IPHONE,353340193548982
IPHONE,353340193038190
IPHONE,352695692025605
OPPO,863491050054391
IPHONE,352695692201214
IPHONE,357933214315311
IPHONE,357923214163810
IPHONE,359773710540385
IPHONE14PROMAX,358457882181746
SAMSUNG,351828119739372
REDMI,860969050114821
IPHONE,357061220939426
REDMI,865554057798100
SAMSUNG,358363100773348
IPHONE,353068110633575
IPHONE,351143344098051
REDMI,860359069724580
IPHONE,358989499706937
IPHONE13,352691133020362
IPHONE13PROMAX,357782726762968
IPHONE14PRO,356416672775382
SAMSUNG,356019742889231
IPHONE12PROMAX,352850797360361
IPHONE13,866829061696501
IPHONE11PRO,357293378720395
SAMSUNGGALAXYA50,865904036267380
IPHONE12,353032113218636
IPHONE12,353032113193516
SAMSUNG,352022092156300
IPHONE,350867187868530
IPHONE,357730382964290
IPHONE12,356820555107615
IPHONE,358677230712716
SAMSUNG,352404910202082
IPHONE,359147123456789
IPHONE,358216488025388
IPHONE,987159247269357
IPHONE,321654987369258
SAMSUNG,325159247369456
VIVO,874159247258369
XIAOMI REDMI11,321456789987456
IPHONE,321456987741258
IPHONE,321654789456321
IPHONE,369258147852159
SAMSUNG,321852159357456
REDMI,365147852951789
IPHONE,312456841952963
XIAOMI,981742456852745
XIAOMI,369841578952485
LEKO,384951623784951
VIVO,869905069785459
VIVO,869905069785442
IPHONE,351082467134733
OPPO,860941068402790
IPHONE,356586868682239
IPHONE,358763467496540
IPHONE,353851668592470
IPHONE,357763868938580
POCO,867592050248990
IPHONE,350401985395930
IPHONE13,352180445368800
IPHONE13,352206201301660
HONOR,863612066131920
IPHONE14,356416676731880
IPHONE,350390127090638
IPHONE,350046789429197
IPHONE,357629669724804
IPHONE,355435977493302
IPHONE13,352280412847073
SAMSUNGGALAXYS51,354001512523180
REDMI,865271041616930
IPHONE12PROMAX,354860891745040
REDMINOTE11,865504067775820
IPHONE7,359210079364070
IPHONE12,353253188557460
IPHONE14,359237908838300
IPHONE13,352824485094150
IPHONE14,350867181598210
IPHONE13PRO,359349738936390
IPHONE,351952296080952
IPHONE,354155252337617
IPHONE14PRO,353780674258041
IPHONE,357289402335721
IPHONE,357289402353591
REDMI,868360050714600
REDMI,863613056963210
IPHONE13,357688112076280
IPHONE13,356586864960590
REDMINOTE11,865504064470560
IPHONE,353780674992797
IPHONE,353780674565270
IPHONE10,353074096698190
IPHONE,356094671679382
IPHONE,356094671313503
IPHONE13,356586865882380
REDMI,865314049867880
OPPOA74,860821053489413
REDMI,860630063838050
IPHONE11,353975109449530
IPHONE11,352604706093250
IPHONE13MINI,355962310498800
IPHONE14,357730388714630
SAMSUNGGALAXY,353472104127560
IPHONE12,353067935184000
REDMINOTE9,868229052138410
IPHONE8,356394100155110
SAMSUNGGALAXY,356560117153440
SAMSUNGGALAXYA51,355078746243950
IPHONE14,869814039079850
REDMI,864594065316250
OPPO,864821069459410
IPHONE,350585887559405
IPHONE,357448972777270
REDMINOTE11PRO,865796064721894
IPHONE,358292241910836
IPHONE11,358461421351372
IPHONE11,358461421383201
IPHONE,357782726439567
IPHONE,350585887455927
IPHONE11,356057369253490
IPHONE14,321841952789456
XIAOMI,867310057030772
IPHONE,350089112336861
SAMSUNGGALAXYA31,353341128453876
IPHONE,350089112417778
IPHONE,355015329519549
IPHONEX,359403081845144
IPHONE11,356595107682766
IPHONE11,356595107624396
IPHONE,350867187641392
IPHONE,351664766782153
SAMSUNGS22,351393985151590
IPHONE12,352484817291107
IPHONE12,352484817156698
OPPO,868574069847590
SAMSUNG,358834471751870
IPHONE,867468060409120
IPHONE,353929795469900
IPHONE,355487732321970
IPHONE,351643937959950
IPHONE,352552194145040
IPHONE,356764084406250
SAMSUNG,354012646983560
IPHONE,355701900611700
IPHONE,355091846134980
IPHONE,350408484966970
HUAWEI,865607061758700
SAMSUNG,350532454829100
REDMI,862076061902920
SAMSUNG,358725361257500
IPHONE,350550255935990
HUAWEI,866321036331820
IPHONE,354585884861930
OPPO,864327041871520
IPHONE,350920436158190
IPHONE,356601100196810
VIVO,862521061279360
IPHONE,359460100397420
IPHONE,357782726053010
SAMSUNG,865607061758700
IPHONE,359451187504230
IPHONE,355313404806350
IPHONE,350867188951670
IPHONE,350390126378870
IPHONE,350550256072700
XIAOMI,866583064122180
REDMI,867414064659460
IPHONE,358981876338450
IPHONE,401770080420009
REDMI,401022107421085
OPPO,865986050157030
REDMI,869392063087770
IPHONE,356699082108380
HUAWEI,869480033374210
IPHONE,357211091459110
SAMSUNG,868909046666470
REDMI,869641040661520
IPHONE,353700950107740
IPHONE,357229091303650
IPHONE,350197042414940
HUAWEI,865885047472250
SAMSUNG,355921475628760
IPHONE,356646224423900
IPHONE,357158819207470
SAMSUNG,351910106270810
XIAOMI,860710066725440
REDMI,866918054413090
OPPO,356699082108380
IPHONE,358691736769150
IPHONE,354132414221630
IPHONE,352858110712090
IPHONE,352984116515310
IPHONE,354991559828760
POCO,860460061341041
SAMSUNG,352347116651824
IPHONE,350953320283830
SAMSUNG,353272493786320
IPHONE,359646705496080
IPHONE,354867094793870
IPHONE,352148872788880
IPHONE,358070208974650
SAMSUNG,355711106457560
IPHONE,352069060929310
IPHONE,356730110362470
IPHONE,357289092246420
IPHONE13PROMAX,351786561136168
SAMSUNG,860826050793100
IPHONE,352459251058350
REALME,861726057103070
OPPO,864187057691140
REDMI,350634171651370
IPHONE,353024098745570
REDMI,866829069814020
SAMSUNG,355183625993600
SAMSUNG,357865261143130
IPHONE,358769753356940
REDMI,356247278279610
IPHONE,351082462189920
OPPO,862632050444246
IPHONE,356684167219360
IPHONE,357619532761560
REDMI,867619063972052
IPHONE,356653312583014
IPHONE,356416673863843
IPHONE,356416674114937
XIAOMI,865010062022002
XIAOMI,865010062022010
IPHONE,354230910724702
IPHONE14,359322442508151
IPHONE,355984571194774
IPHONE,355984571224589
IPHONE,355611227197030
IPHONE,353730796465727
IPHONE14,356535323429345
IPHONE,354606982543049
IPHONE,356535322839965
IPHONE,356416679072080
IPHONE,353345089619590
POCO,865635065760310
IPHONE,358220487276450
SAMSUNG,352349114682390
IPHONE,355435975444680
XIAOMIREDMI,867510061454120
XIAOMIREDMI,867510061454138
IPHONE14,350390128894210
XIAOMIREDMI,862643042083180
IPHONE,356054112216670
XIAOMIREDMI,869083030669870
XIAOMIREDMI,869083030698080
XIAOMIREDMI,868615064300670
XIAOMIREDMI,868615065440492
IPHONE,352891110999634
IPHONE,352891110947567
IPHONE,354509713338624
SAMSUNGA73,350047510384685
SAMSUNGA73,350315690384688
VIVO,866634067149178
IPHONE,357782726413273
IPHONE,350867182326320
IPHONE,354991559138153
IPHONE,354991559136132
IPHONE,350585889787822
IPHONE,355777915188514
IPHONE,352807141312126
IPHONE,356727119897187
SAMSUNG,860871062780294
IPHONЕ13,353357672607527
TECNO,352740721908122
IPHONE13,351243324380493
IPHONE14PRO,354811955831435
IPHONE14PRO,354811956571873
IPHONE,357684391047164
IPHONE,352094671197082
IPHONE,354106779331690
IPHONE,358538776535230
SAMSUNG,355612092395530
XIAOMIREDMI,358757816695850
IPHONE,350585886069703
IPHONE,350585886645718
VIVO,869384063319154
VIVO,869384063319147
IPHONE,351037750709005
IPHONE,351037750293208
IPHONE13PROMAX,350738142763490
IPHONE,352816158458045
IPHONE11,351088547697772
IPHONE,350058636151692
IPHONE,353079108529303
IPHONE,350867184245247
IPHONE,358686415093875
IPHONE12,353018113111228
IPHONE,359322445791648
SAMSUNG,357865261030022
IPHONE,355042180786660
SAMSUNG,356439351730445
IPHONE,354811959362726
IPHONE,354811959193683
IPHONE12,351194968560918
IPHONE,355794426378567
IPHONE,354540532384002
IPHONE,359451185634922
IPHONE,352280412896468
IPHONE,352280412979488
IPHONE,356586866513938
XIAOMIREDMINOTE11PRO,868202054889020
SAMSUNG,356908780973891
IPHONE,350390122412464
IPHONE,358047327804919
IPHONE,352280413176498
IPHONE,356803118797080
IPHONE,352224770091379
XIAOMI,861783058320663
XIAOMIREDMI,867034059836040
XIAOMIREDMI,867034059836057
OPPO,862743062692795
OPPO,862743062692787
IPHONE14PRO,353384650099910
REDMI,862219061881689
VIVO,861057069750014
IPHONE,353838104477545
IPHONE,353909831927145
IPHONE,356856119392830
SAMSUNG,351393980352987
IPHONE,355833867181484
IPHONE13PROMAX,358408878994915
IPHONE14,350867183380912
IPHONE14,350867181987189
IPHONE,356686866166307
XIAOMIREDMI,860474052948409
IPHONE11,355708330869081
IPHONE13PROMAX,357782726848700
IPHONE11,353061283148877
SAMSUNGA54,353435663250141
SAMSUNG,357294614709283
IPHONE,357678280922958
IPHONE,359707313316033
IPHONE,359707313569979
IPHONE,358047326879094
IPHONE,358522142255190
IPHONE,358047324159598
IPHONE14PROMAX,350867188921603
IPHONE14PRO,357050832478825
SAMSUNG,351856229982500
IPHONE,358281869080960
IPHONE,357247394168980
SAMSUNG,351268280441990
IPHONE,863102042883960
IPHONE,351606649491740
IPHONE,352822110993830
IPHONE,354396708560143
IPHONE,358985107447463
IPHONE,351957184136402
IPHONE,351957184006761
IPHONE,351150102729865
IPHONE,356450253460841
IPHONE14PROMAX,352459257339137
IPHONE,356446470728260
POCO,862598055893160
REDMI12,867414064263049
IPHONE15,356596721720446
OPPO,868574062697391
OPPO,868574062697383
SAMSUNG,352221804641310
SAMSUNG,353401454641310
IPHONE,359675694688595
IPHONE12PROMAX,354741667174644
REDMINOTE,868909055639101
IPHONE,353425686297283
IPHONE,353067113830592
IPHONE,359137279554643
IPHONE,353067113675914
HUAWEI,868882028621227
IPHONE,354039660842527
IPHONE,359984544625827
IPHONE,359984544538442
SAMSUNGGALAXY,353175862429030
SAMSUNGGALAXY,865396033061660
XIAOMIREDMINOTEPRO,863693052204970
SAMSUNGGALAXY,352350274895765
IPHONE,355317834356782
SAMSUNGGALAXY,869303048909160
XIAOMIREDMINOTEPRO,860510055809290
SAMSUNGGALAXY,354595387142190
IPHONE6C,356140093046390
IPHONE11,356873111934140
SAMSUNGGALAXYA41,357224282572660
SAMSUNGGALAXY,355486595924880
SAMSUNGGALAXY,866907047868160
IPHONE11,353895109257910
OPPOA74,862166052032610
SAMSUNGGALAXYJ7,356715080660960
IPHONE11,359914359194155
INFINIXNOT10,355294260884341
SAMSUNGGALAXYA51,353823706042170
IPHONE11,356586865719840
IPHONE11,359377789407800
IPHONE13PRO,355782155293920
IPHONE11,352836113231420
XIAOMI,866175067214120
IPHONE,359203505441680
HONORX8A,862744062129341
POCOX3,860793053319650
IPHONE,352909117157670
IPHONE,356435102751660
SAMSUNG,357237921210700
REDMI,860741056559960
SAMSUNG,860871060947200
IPHONE11,353245108443130
REDMI,866229062363161
SAMSUNGGALAXY,353044090287590
IPHONE11,352484811752290
VIVO,869378069447410
OPPO12,350362204506620
SAMSUNGGALAXY,355249086735400
IPHONE13,357782726366596
IPHONE,356806111147435
IPHONE,350550259593267
IPHONE,356727119117651
REDMI,864654055778400
REDMI,864654055778418
IPHONE,353056112252502
IPHONE,353056111822404
IPHONE,355618451295172
XIAOMI,868910401201654
IPHONE,355123146518201
IPHONE,868812463123618
SAMSUNG,955816446216546
IPHONE,860442618546702
IPHONE,860192415605705
SAMSUNG,354653903837612
SAMSUNG,868451216402879
XIAOMI,955148545601418
SAMSUNG,355458102645118
IPHONE,868154618415646
IPHONE,354418546118654
HUAWEI,357116332192451
IPHONE,353102156946103
XIAOMI,867919058655760
IPHONE,357150046718460
IPHONE,860448115846145
SAMSUNG,354482155641058
SAMSUNG,357772118545601
OPPO,860918145406112
SAMSUNG,867919058638760
SAMSUNG,353048904816246
IPHONE14PROMAX,352459251711935
IPHONE,955153022145603
IPHONE,860823119502152
SAMSUNG,357118401612403
IPHONE15PRO,354230919997994
IPHONE,354484154601718
IPHONE,354413812168463
OPPO,357150045145601
XIAOMI,867919146503114
IPHONE,354461213460102
IPHONE,353156462109461
SAMSUNG,357155602401868
IPHONE,357221037117076
XIAOMI,865031029201081
IPHONE14,357589736938409
SAMSUNG,353837045331218
IPHONE,868740023435116
IPHONE,863980076735280
XIAOMI,860033218019500
IPHONE,863037200076520
IPHONE,355201071702330
IPHONE,351051293079221
SAMSUNG,868250077020651
IPHONE,356917853229071
SAMSUNG,353012997051781
XIAOMI,865301213260366
XIAOMI,353425444720541
HONOR,350295573703035
IPHONE,865299099705571
IPHONE,863071096635501
IPHONE,357098207706541
IPHONE,353320965671701
SAMSUNG,353001076251991
XIAOMI,864334069589347
IPHONE,356349082674456
SAMSUNG,350465792941061
IPHONE,894516001474265
SAMSUNG,353414512615056
SAMSUNG,350616715015452
IPHONE,865617914516314
HONOR,863112069420833
IPHONE,356646153613975
SAMSUNG,356452093630435
SAMSUNG,354484222527424
IPHONE11,355487735000341
SAMSUNG,354484224632560
SAMSUNG,355064224632569
IPHONE,356804118958144
IPHONE,355232484284419
IPHONE,351090060921990
IPHONE,861845265240410
IPHONE,351020400350340
IPHONE,350550474844380
POCO,861055400187110
IPHONE,350210343430440
IPHONE,863180910941840
VIVO,861175841649640
SAMSUNG,353340865147540
IPHONE,350666550341470
IPHONE,351610547675630
IPHONE,355025600281280
HUAWEI,863040610910500
IPHONE,863471430550675
IPHONE,861865242510500
SAMSUNG,354487110663730
IPHONE,353340190537010
OPPO,863492041844600
IPHONE,350867184763637
IPHONE,350867188048449
IPHONE,356799119398458
IPHONE,356799119669221
IPHONE,356389954864606
IPHONE,356389954840804
IPHONE,357782726401641
SAMSUNG,354127116355226
IPHONE,350048274437008
IPHONE,355833868689790
IPHONE13,352280410600136
IPHONE13,352280410190310
IPHONE14,350058635639135
IPHONE14,350058635835766
SAMSUNGS22,356988456741225
IPHONE,351643933765887
IPHONE,351643933338214
IPHONE,356724117050398
SAMSUNG,352631820767354
SAMSUNG,352631690767351
IPHONE,350643633860278
IPHONE,350643633891398
SAMSUNG,353100565475531
SAMSUNG,356059345475533
IPHONE,351941230926677
VIVO,869963059531250
IPHONEXR,352889112837711
IPHONE,356598105517687
IPHONE,353033112789270
IPHONE,353033122737394
IPHONE,353826104582037
IPHONE,350636272248120
IPHONE,358461429531820
SAMSUNG,354684721451020
MEIZU,863458049184951
IPHONE,865240160180160
IPHONE,861121785650140
IPHONE,860671374504207
SAMSUNG,860503444372170
IPHONE,355702607431203
IPHONE14,356416674783038
REDMI,860806107302531
IPHONE,860107302143434
SAMSUNG,860509103402607
SAMSUNG,355609893414201
REDMI,355415673572100
REDMI,860418634180275
POCO,860507602372942
IPHONE,860372197600304
IPHONE,860477605402119
IPHONE,860271907502290
IPHONE,860472309148320
IPHONE,355477193606110
IPHONE,860509444590146
IPHONE,355851263597102
SAMSUNGA52,357276396717154
XIAOMIREDMI,865504067111281
IPHONE,352552198640124
REDMI,862433069804201
IPHONE,350020987853193
IPHONE12,353342882259541
IPHONE11,351734247446247
IPHONE,351309649336377
IPHONE,356872119470955
IPHONE,357862884673759
REDMI,866517056684471
IPHONE,352280418359743
IPHONE,356586862277546
IPHONE,359595810180899
IPHONE,359595810841888
IPHONE,355870371872745
IPHONE,350867182044956
IPHONE,353266541816229
IPHONE,357289401635287
IPHONE13,358406640864515
REDMI,867414064814168
IPHONE,353240581968331
IPHONE,353554802152891
SAMSUNG,350514859602050
IPHONE,358209591188086
IPHONE,350390124180721
IPHONE,351080579476811
IPHONE,356718112703985
IPHONE,353340193991984
SAMSUNG,355009521808438
IPHONE,353920106048426
IPHONE13PROMAX,357569694931299
SAMSUNG,356761461481175
IPHONE,356116989820174
SAMSUNG,354217636597249
XIAOMIREDMI10C,861191063399666
IPHONE,350585880185513
IPHONE,353838108335585
IPHONE12PROMAX,359173735129662
IPHONE13PRO,351559302879762
SAMSUNG,350867773288681
IPHONE11,352932118377785
IPHONE,351182297344146
POCO,863548050685282
IPHONE14,359322441113128
IPHONE13,351548505988057
VIVO,869718050412235
IPHONE,352872332269303
IPHONE,350048277583139
IPHONE,350048278746065
IPHONE,350867189957689
IPHONE,355701909799706
IPHONE,350196693238117
SAMSUNG,354709484868979
IPHONE,351594950817459
IPHONE13PRO,351559302513668
SAMSUNG,354882178809136
IPHONE,352631692888675
VIVO,869378066364159
VIVO,869378066364142
IPHONE,356791114195633
IPHONE,356791114080405
IPHONE14PROMAX,359237901161575
IPHONE11,353953101051731
IPHONE11,353953100979130
IPHONE,355317936878486
SAMSUNG,350047510671776
IPHONE,359237905651381
IPHONE,350867186772768
POCO,866544068928308
IPHONE14,359862142567635
IPHONE,351251316412598
XIAOMIREDMI,321147852369951
XIAOMIREDMI,326154789951247
IPHONE14PRO,352807142362286
INFINIXSMART8,357831318717052
IPHONE,354550167394572
IPHONE11,356857114207056
SAMSUNG,350957912389688
IPHONE,350390128546307
REDMI,863138068795180
VIVO,862918069565778
IPHONE,351088549441693
IPHONE,351572598742110
IPHONE,357032766426670
IPHONE,354638108009490
OPPO,353344571654930
OPPO,357620080388590
XIOMI,864618050113566
IPHONE13,356586866969528
IPHONE,355623123047615
IPHONE,355623123129926
IPHONE,352994531914180
IPHONE,352994531954707
SAMSUNG,352894051101520
REDMI,356091768520990
IPHONE,861456797120180
IPHONE,866339582927660
REDMI,353051944575190
SAMSUNG,354087682397140
SAMSUNG,862872326752960
SAMSUNG,340745155260415
IPHONE,830151487550112
OPPO,335412625340276
IPHONE,324382760112540
IPHONE,838463117040223
SAMSUNG,861536797021550
IPHONE,866798090321770
SAMSUNG,356041522965780
IPHONE,356097875329230
SAMSUNG,335731635442541
IPHONE,850760112436901
IPHONE,343111043125644
VIVO,822041362415312
IPHONE,356676081108790
SAMSUNG,355089431766250
IPHONE,352075682910320
SAMSUNG,351742114594410
REDMI,866843065721463
IPHONE,352843311507140
IPHONE,864619043652561
REDMI,351846952371366
IPHONE,353642113948427
IPHONE,356267081169230
IPHONE,356996089538567
IPHONE,353058109456181
XIAOMI,356470108456320
SAMSUNG,353091910918870
OPPO,356427081916020
IPHONE,353093089657710
IPHONE,354875019505870
IPHONE,356753327446440
IPHONE,861973098522140
SAMSUNG,861972096435690
IPHONE,861977092347810
IPHONE,866392052740530
REDMI,861929068332442
IPHONE14,355041887335128
IPHONE,352280413036072
IPHONE,354485250394983
IPHONE,356586862107032
ONEPLUS,862362060774578
ONEPLUS,862362060774560
IPHONE,356601108434361
IPHONE12,354645215574728
IPHONE14,355794429997678
IPHONE13,355017383523574
REDMI,861954060057620
SAMSUNG,354995117368540
SAMSUNG,357294614746310
IPHONE,356586866629260
REDMI,863507059773520
IPHONE,353838106499830
SAMSUNG,354290374019370
IPHONE11PRO,352834114194170
VIVO,860672065027030
XIOMIREDMI,866452017005580
SAMSUNGA12,352927113088490
SAMSUNG,866322036766740
SAMSUNG,350133374218810
REDMINOT9,866918054668810
IPHONE11,862562053081600
SAMSUNGS21,868184059854100
IPHONE,357795581121690
REDMI,862788066541977
IPHONE13,864066058292740
IPHONE,356037847332519
IPHONE,356037847117472
POCO,355413542079470
IPHONE,350444028450510
REDMI,867587047070830
IPHONE,865423043510470
IPHONE,866420043420610
SAMSUNG,863159037334840
IPHONE,353640014520480
IPHONE,356150805746320
IPHONE,355980104520650
IPHONE,350390122446512
IPHONE11,350246951021500
IPHONE,350390122403240
SAMSUNG,867414065046900
SAMSUNG,350920431914618
IPHONE7,866312066365580
IPHONE11,869644055781320
SAMSUNG,868968034369430
SAMSUNG,357575091176222
SAMSUNG,868243040210380
IPHONE,862244066867194
IPHONE13,860102062072320
IPHONE12,354639107705190
OPPO,353910420610540
POCO,868233035530110
IPHONE13,358177109731384
XIAOMI,351268282844040
IPHONE11,354423103024080
XIAOMIREDMI,355521114972050
SAMSUNG32,359138079425420
IPHONE14,861057069973800
SAMSUNG,355669075226480
IPHONE,866312066365590
SAMSUNG,868968034430030
IPHONE,357576091176220
IPHONE,862788066541969
IPHONE,866367040140800
IPHONE,351582930142010
IPHONE13PRO,865671041408910
IPHONE,356817580617750
SAMSUNG,356819085794480
SAMSUNG,898148017522360
SAMSUNG,898356048714890
SAMSUNG,861917319567640
SAMSUNG,355723059438220
IPHONE,356841710252630
IPHONE,353919102279464
IPHONE,351293069743170
SAMSUNG,869047810654230
SAMSUNG,354085940647180
IPHONE,353018484165570
IPHONE,861472039945010
SAMSUNG,356728093727690
REDMI,355427581829880
REDMI,355381046723470
HONOR,862482092441050
IPHONE,356273096827650
SAMSUNG,353183064327740
IPHONE,356248623257960
IPHONE,335214625180540
REDMI,868507067834281
IPHONE,866779029743810
IPHONE,865324017434610
SAMSUNG,351285096214750
OPPO,356918058527690
IPHONE,355816014267870
VIVO,353412526810470
ONEPLUS,351048019881430
IPHONE,866285293422750
SAMSUNG,351619052217340
REDMI,358177107331500
IPHONE,358177107331500
IPHONE,355424075481500
REDMI,864573052863199
IPHONE,352192207516840
IPHONE,359451599242010
IPHONE,353854137239470
IPHONE,354509714569850
SAMSUNG,860306056591830
HONOR,359602085130850
SAMSUNG,861954067981540
VIVO,867229054058240
SAMSUNG,865635068002770
OPPO,861066066461710
IPHONE,356908781121140
IPHONE,350308228440790
SAMSUNG,356985729372740
SAMSUNG,860941068739330
SAMSUNG,358457887211400
IPHONE,357289400472490
SAMSUNG,354741665889360
OPPO,867980057818490
SAMSUNG,863364051129940
IPHONE,863690059402990
REDMI,357939092792200
IPHONE,862978045094040
IPHONE,866051063754430
IPHONE,868256065038200
HUAWEI,869234040518263
XIAOMI,353117142578410
IPHONE,356417997227350
IPHONE,353639680265700
SAMSUNG,864087063646030
HUAWEI,863696069109450
REDMI,353055521670610
SAMSUNG,864378052886250
SAMSUNG,355595473737720
IPHONE,352983119492073
SAMSUNG,355353083366430
IPHONE,350678891043860
IPHONE,355353083366430
IPHONE,357853687424400
IPHONE,359176108302280
ONEPLUS6,869295037113244
IPHONE,354698114194550
IPHONE,351430260062780
SAMSUNG,353898101681070
IPHONE,352932110487450
IPHONE,867678053480540
IPHONE,866294048107110
IPHONE,354548722240960
REDMI,863948062871560
IPHONE,354704171489650
IPHONE,352073636131290
IPHONE,352073636131290
SAMSUNG,358584104186890
SAMSUNG,355685277301040
SAMSUNG,352844254443790
SAMSUNG,353541321329540
SAMSUNG,353541321329540
IPHONE,353541321329540
SAMSUNG,352292935198180
IPHONE,355595473737720
OPPO,350585886667110
NOKIA,353031118923460
IPHONE,353031118923466
REDMI,352885118141880
IPHONE,352885118141880
IPHONE,352203777170950
SAMSUNG,352941886808160
SAMSUNG,351765107586520
IPHONE,861672057702970
SAMSUNG,354701210867810
REDMI,354701210867850
IPHONE,353239106849110
IPHONE,356396105424870
IPHONE,357818703856810
XIAOMI,356416674214170
REDMI,868725066057120
IPHONE,353756097160440
XIAOMI,350131656917160
SAMSUNG,357276393032780
IPHONE,354022149337460
IPHONE,352561337620610
SAMSUNG,356714110203900
IPHONE,352456101135560
HUAWEI,356714110203900
IPHONE,863023032398980
SAMSUNG,352722089706300
IPHONE,352722089706300
HUAWEI,359451598085250
REDMI,861438052138100
VIVO,355322087503960
IPHONE,350861188790320
IPHONE,358686417165670
IPHONE,868615064951820
SAMSUNG,350923389712660
SAMSUNG,356644102389490
SAMSUNG,359928551778720
IPHONE12PRO,359349738936390
SAMSUNG,354486111475100
IPHONE,353352105065360
XIAOMI,355712107871220
IPHONE13PRO,353754681228625
VIVA,358952085592110
XIAOMI,866827055044820
XIAOMI,351910101652060
XIAOMI,869558051687050
SAMSUNG,867255804856040
OPPO,353490235111110
IPHONE14PROMAX,354132414520026
IPHONE14PRO,357862888099340
XIAOMIREDMINOTE10PRO,863507052653748
IPHONE,354784328490561
IPHONE,354784329824594
OPPO,863610042527590
SAMSUNG,350362204507412
SAMSUNG,355945464507414
IPHONE,350390126875203
VIVO,869877049793707
IPHONE,351947258785648
IPHONE,352484688584234
VIVO,867253054371338
VIVO,867253054371320
IPHONE,351174770053650
REDMI,862525066763270
SAMSUNG,357771773954180
IPHONE,353822082543330
IPHONE,359330186468920
IPHONE,357224283943810
IPHONE,357846856957550
IPHONE,356977068372110
IPHONE,350390129560700
IPHONE,352819114140450
IPHONE,867990056044410
IPHONE,357289402848772
REDMI,860306056385586
XIAOMI,354777010893575
IPHONE,357332369367228
IPHONE,354696402218830
SAMSUNG,351424776232130
REDMI,860969058939890
IPHONE,357883110311310
IPHONE,357883111425190
IPHONE,352174632433970
IPHONE,359236736179018
IPHONE,359236737601895
IPHONE,351520704775510
IPHONE,353075094837080
IPHONE,353240106479310
IPHONE,864393048123920
IPHONE,350319232777280
IPHONE,351073871584050
IPHONE,865298056147180
SAMSUNG,358978952817130
SAMSUNG,864984040747000
IPHONE,356663518785150
VIVO,861954062685960
IPHONE,868114046193300
IPHONE,356586862811420
IPHONE,354496319649090
IPHONE,354496312292940
IPHONE,862601052467740
IPHONE,352364228734230
IPHONE,357782723924157
IPHONE,352826114245873
SAMSUNG,358568821039960
IPHONE,355721790908232
IPHONE,357782726013651
IPHONE,357782726184627
IPHONE,358989498886490
OPPO,869058051885390
SAMSUNGA51,865020060657930
SAMSUNG,358583105851970
SAMSUNG,350299943189100
REDMI,867017057408030
IPHONE,352619277775520
SAMSUNG,354550830762940
IPHONE,353023119707980
IPHONE,353754682601600
IPHONE,354132416243437
SAMSUNG,353325476388438
IPHONE12,356037847741552
IPHONE,351228763483825
SONY,355221173582308
XIAOMI,357353091220584
OPPO,357265990434951
SAMSUNG,353100569337372
XIAOMI,864029058176268
IPHONE,355595479267247
SAMSUNG,354505628377108
IPHONE11,356799119756630
IPHONE13PRO,357782726157342
IPHONE,354244477301390
IPHONE,862317056146090
SAMSUNG,351953071268240
SAMSUNG,357737810947980
VIVO,864974055578720
SAMSUNG,359623084776580
SAMSUNG,355711104984990
HONOR,868329061248400
IPHONEX,353064094575222
SAMSUNGA40,355521114971175
IPHONE,353843245108770
IPHONE,353843245007675
IPHONE,354754323572030
IPHONE11,350588701904906
IPHONE14,352466613899738
IPHONE,352280412838643
SAMSUNG,350196692451489
IPHONE,862788066334209
IPHONE12PRO,354794863068888
IPHONE,359508531037790
IPHONE,355017380900543
IPHONE13PROMAX,356579550552551
IPHONE13PROMAX,357782726138185
IPHONE13PROMAX,356579550629110
IPHONE13PRO,353929796307570
IPHONE13PRO,354112724290684
SAMSUNGGALAXY,352350272676270
IPHONE13PRO,344811955831435
SAMSUNGGALAXY,356577108641040
SAMSUNGGALAXY,866356051015930
SAMSUNGGALAXY,861066066292410
SAMSUNGGALAXY,357645179489040
SAMSUNGGALAXY,358267719919390
SAMSUNGGALAXY,353929794114840
SAMSUNGGALAXY,351910570079720
SAMSUNGGALAXY,354064857584490
SAMSUNGGALAXY,357654278589242
SAMSUNGGALAXY,351910670279720
SAMSUNGGALAXY,863556051215930
SAMSUNGGALAXY,357850380030062
SAMSUNGGALAXY,351920570080720
SAMSUNGGALAXY,867051062922447
SAMSUNGGALAXY,357655180786042
IPHONE,355721179587123
IPHONE,357894929912082
IPHONE,358691738646334
IPHONE,350585880823451
HUAWEIY70,868623052989208
HUAWEII70,868623052988211
IPHONE13PROMAX,356579550317640
IPHONE,350585882048339
REDMI,353416095563641
SAMSUNG,860173648156387
IPHONE,356289051792836
IPHONE,352561087319572
XIAOMI,861287093285656
HUAWEI,355682064557358
SAMSUNG,356128027367850
MEIZU,357114052589648
VIVO,866279365078663
IPHONE,355892667186387
XIAOMI,356987053372519
SAMSUNG,865738027556381
REDMI,352567081553834
IPHONE,355819067289337
IPHONE,356164067832554
HUAWEI,865584046159080
HUAWEI,865584046144080
REDMINOTE7,863113048343005
REDMINOTE7,863113048753007
SAMSUNG,354248582948640
SAMSUNG,356391104050210
IPHONE,353234102846390
REDMI8-A,865194045443400
SAMSUNG,353696201442590
SAMSUNG,862365059233930
NOKIA,358090017629580
IPHONE12,863364052630640
IPHONE,357575062979890
IPHONE13,358538778895140
IPHONE,356891466395200
IPHONE,359039391312990
IPHONE13,353420103525010
IPHONE13PRO,354483115064450
IPHONE13,350108846209740
IPHONE,355325635266600
IPHONE,356862116125150
IPHONE,352280412825640
IPHONE,350131653266090
HUAWEI,357823241074650
IPHONE,355435973490060
IPHONE,352838657296140
SAMSUNG,868588055039060
IPHONE,359914351045150
NOKIA,356214101895320
NOKIA,354194109429390
IPHONE,355900708540430
IPHONE,357078166714790
SAMSUNG,357865260437520
SAMSUNG,350153277526350
IPHONE13,356535322193670
IPHONE13,351083738536950
SAMSUNG,354436060332470
REDMI9A,355653080322910
REDMI9,350299944894440
SAMSUNG,352996436431750
IPHONE13,350585883193960
SAMSUNGA31,351719741082180
IPHONE12,355541829933620
SAMSUNG,354321594217320
REDMI,357782724807920
SAMSUNGA23,352883111225510
SAMSUNG,353248108481910
IPHONE13,356581103306930
IPHONE,357883111346613
IPHONE11,356561113555040
IPHONE14,358974111268520
IPHONE13,356865112119380
IPHONE11PRO,353249100219610
IPHONE13,353504865770960
VIVOV23,356772083678010
OPPO,863705043691290
SAMSUNG,861455066460350
IPHONE,352681231476770
IPHONE,368451184910858
IPHONE,366451089401474
IPHONE,369741049805324
IPHONE,368015084098988
OPPO,866155060852915
IPHONE,867593065916690
IPHONE,353233957379230
SAMSUNG,359443093080570
OPPO,358538774167330
IPHONE,359824137663600
IPHONE,359245670600250
XIAOMI,869832044893980
OPPORENO5,865954054632500
SAMSUNGGALAXYA32,350839822460650
IPHONE14,350390126235470
SAMSUNGGALAXY,357399061001640
IPHONE15PROMAX,359779343330391
IPHONE15PROMAX,359779344337031
VIVO,862918069588432
VIVO,862918069588424
IPHONE,353435772320405
IPHONE,357830704042976
IPHONE,357830703515634
IPHONE,350640544205312
IPHONE,350640544103996
SAMSUNG,355497598121894
IPHONE,356812111062954
IPHONE,356870111746125
IPHONE,354540530819603
REDMI,872165741270431
HUAWEI,356535320256287
XIAOMI,861439031190125
IPHONE,350320742199100
SAMSUNG,356753091505780
IPHONE,358686414857980
HUAWEI,357866981786030
IPHONE,355103317613180
IPHONE11,353180369379560
IPHONE11,355807141783901
IPHONE12,356427673630286
IPHONE14,350505203000835
IPHONE11,352775486178469
IPHONE,353147471527300
IPHONE11,355340652059870
IPHONE14,861739786201817
IPHONE,353187947778819
IPHONE13,351014707518218
IPHONE,866317286781910
SAMSUNGA52,354550802783239
IPHONE13,353084780942490
IPHONE,353354141361620
IPHONE,352484810209262
SAMSUNG,356280234153649
IPHONE13,340188211061266
IPHONE13,866322769056482
IPHONE,353726515196551
IPHONE,350585884806910
OPPO,863610042527582
SAMSUNGA13,380308070210510
IPHONE,351210011070560
IPHONE,352807141677000
SAMSUNG,869095041867460
IPHONE,865954054093690
SAMSUNG,865834056268900
IPHONE,354550162463830
IPHONE,356173095707850
IPHONE,356586862273107
SAMSUNG,359360590173519
SAMSUNG,359958610173516
HUAWEI,867168044338538
IPHONE,350114366665581
IPHONE,350867187879810
IPHONE,350867188419178
SAMSUNG,357521163643103
IPHONE,352186950921958
IPHONE,355546538855308
IPHONE,355546537619499
IPHONE,356820552285810
IPHONE,356820552114291
IPHONE,353044092263483
IPHONE,351379045852340
IPHONE,350141780320709
IPHONE,352192202949375
IPHONE12PRO,353076696190118
IPHONE14PROMAX,359687309365337
IPHONE14PROMAX,359687309799105
VIVO,866041054712275
VIVO,866041054712267
REDMI,863138064835303
IPHONE,352203777357595
IPHONE,352203777302187
IPHONE,351063314122097
IPHONE,351063314804298
IPHONE,354347180852986
IPHONE,354347180993286
IPHONE,359583821132612
IPHONE14,352459258052499
REDMI,867131051409824
SAMSUNG,354321593839618
IPHONE15PROMAX,350719116936874
IPHONE,351520705182493
IPHONE,355108983456700
SAMSUNG,350356672154913
IPHONE15,356054497945094
IPHONE15,356054499414917
IPHONE,355960225948112
IPHONE,355960225595553
IPHONE,356694116324170
ONEPLUS,869134046509334
IPHONE,356864112413230
SAMSUNG,355843261742260
IPHONE,350585888429500
IPHONE,353241106246195
IPHONE13,759773710653576
IPHONE13,359773710223412
IPHONE13,356370165937324
IPHONE13,356370165544245
IPHONE13,351467533638231
IPHONE,356597927574629
IPHONE,357261919646270
IPHONE,354645216292577
REDMI,860396042294610
IPHONE,351044516203890
IPHONE,358047326430420
REDMI,866229067888303
IPHONE,355969493168130
SAMSUNG,350066760154713
SAMSUNG,350678930154710
IPHONE,355042180236088
IPHONE,357219095583964
IPHONE,354828354971638
IPHONE12PRO,353076696089039
IPHONE,351073874504758
ZTE,863054061259266
IPHONE13,352280413338791
REDMI,862433069755668
IPHONE15PROMAX,350492194198904
IPHONE15PROMAX,350492195051722
IPHONE,353233957753668
IPHONE,355103317343500
IPHONE,354540530791430
IPHONE,355361721951751
IPHONE,863327053131320
IPHONE15PRO,350623506096317
SAMSUNG,358780101500235
IPHONE,356570086474709
IPHONE,353913107926286
IPHONE,357774338382996
IPHONE,357923211951944
REDMI,359838718632516
IPHONE,356656427431555
IPHONE,356176841272584
IPHONE,351848750240068
IPHONE,359015634586767
IPHONE13,352280419715356
IPHONE14,350390126673467
IPHONE,352280410359220
IPHONE,354523338790291
XIAOMI,867051063193176
SAMSUNGGALAXYA13,354882178664168
IPHONE10,354876095125519
SAMSUNGGALAXY,351161641385750
IPHONE,353306110550680
IPHONE,867599033443640
IPHONE13,359583825010459
IPHONE13,359583825096771
IPHONE,354870282982725
IPHONE,354870282637550
IPHONE13,358239127021279
IPHONE,355435973736308
IPHONE,350585889301871
IPHONE,356597926494928
IPHONE,350905822666356
IPHONE,350608822541518
XIAOMI,867406045679900
REDMI,865513053796534
REDMI,865513053796542
IPHONE,353052091136670
IPHONE,860941068009610
POVA,869972062652120
SAMSUNG,356356730925330
IPHONE,352509582994660
REDMI,862219066570220
IPHONE,356586867754721
REDMI,866489040570470
IPHONE,354009846594581
IPHONE,352280410520581
IPHONE,352280410998522
SAMSUNG,354268747180839
REDMI,352280419441160
SAMSUNGGALAXY,354405077844562
IPHONE,869780033816380
SAMSUNG,358425146132010
IPHONE,350867180145180
VIVO,860517061543250
XIAOMI,866101064788320
HUAWEI,866713057447690
IPHONE,351914967283990
OPPO,352986093527760
VIVO,868369057918850
IPHONE,358461429541820
XIAOMI,868574068952070
IPHONE,355611226881998
IPHONE,359451598904474
IPHONE,352280412040687
IPHONE,354784328356770
IPHONE,350823004686656
IPHONE,357782725739991
IPHONE,359978122396041
IPHONE,352064120532841
IPHONE,359838719050411
IPHONE,351914961878466
IPHONE,351643937235192
IPHONE,352937904510259
IPHONE,352937901229686
IPHONE,350585886817150
IPHONE,350585885134824
IPHONE,356725110449164
IPHONE,355818451192260
SAMSUNG,354550800100287
IPHONE,350390123615537
IPHONE,350550258871631
IPHONE12,359201580315150
IPHONE13,356586866552746
XIOMI,868574061522855
IPHONE,354408276122519
IPHONE,358295590466383
IPHONE13PRO,355015325719648
REDMI,869389058669330
IPHONE,353266542815960
IPHONE,350992325544430
IPHONE,355962311062500
IPHONE,353425688317440
IPHONE,356663512811790
IPHONE,358461429778150
IPHONE,354550167330683
IPHONE,350390127904143
IPHONE,356586866857491
IPHONE,356586867369561
SAMSUNG,350370851756547
SAMSUNG,354106244148050
SAMSUNG,355595429040917
IPHONE,350537096210585
IPHONE,350390122296362
IPHONE,350390121217120
IPHONE,353730794022512
IPHONE,353730794087481
IPHONE,356885191300122
IPHONE,356557083851849
IPHONE14PRO,350390126966091
IPHONE,352986118509950
IPHONE,357218097950070
IPHONE,359236732619510
IPHONE,869438046133290
SAMSUNG,865815038074030
SAMSUNG,350642171659068
IPHONE,356553313860155
IPHONE13,356557849889026
IPHONE13,356557849778773
REDMI,867034058334666
IPHONE,350867185887658
SAMSUNG,351210010514792
POCO,867824067932520
SAMSUNG,357823240514798
POCO,867824067932538
SAMSUNG,350320365462397
SAMSUNG,350768455462398
IPHONE,350585889844235
REDMI,861994069456384
IPHONE14PROMAX,355960220186809
IPHONE,352129384169570
IPHONE,351245951456789
IPHONE14,350550223918460
IPHONE,359035293948561
IPHONE,355435971621528
XIAOMI,357825652951158
IPHONE,369221012797721
REDMI,861929066883821
OPPOA72S,866451066763051
IPHONE15,354550162705525
IPHONE11,354022142745040
IPHONE,354208277571480
IPHONE,353242101467158
IPHONE,350585884299203
IPHONE14,357711917634322
REDMI,861413053236173
IPHONE,356868110450160
IPHONE,354550165622826
IPHONE15PROMAX,354694998069233
IPHONE,353909832174341
IPHONE,352937905260235
OPPO,352737598087890
IPHONE,350585885305900
IPHONE,350585880425281
IPHONE,354569166200168
REDMI,866333052818265
REDMI,866333052818273
IPHONE,354208277571480
IPHONE,356597921602660
IPHONE,356153091621320
XIAOMI,865041044825140
IPHONE,867549050474770
IPHONE,354698119891370
IPHONE,353612200025600
HUAWEI,357933834815840
SAMSUNG,351044510774170
POCO,596374064287260
IPHONE,864798048728630
IPHONE,358538777953909
IPHONE,353067117386161
IPHONE,350585882280916
IPHONE,351848755353734
IPHONE,351848755295570
REDMI,367954062047370
IPHONE,354496526227741
IPHONE,354496526998424
IPHONE14PROMAX,350867185171910
SAMSUNG,359523060568040
IPHONE,359584651702702
REDMI11,861312051961480
IPHONE,356964464952347
IPHONE,351182298808677
VIVO,359817865917800
IPHONE,356871114816300
IPHONE,354496319566735
IPHONE,353004117058995
IPHONE14,351584132021906
SAMSUNGGALAXYA53,353881482835994
REDMI,869953063680570
IPHONE13,356586866344664
SAMSUNGS23,358709984154793
IPHONE13,355600723407720
IPHONE12,353057112610376
IPHONE14PROMAX,350390121579016
SAMSUNG,350330051293940
REALME,353281471906690
IPHONE,351253394304530
IPHONE,356554101263010
SAMSUNG,355913281523180
IPHONE,352941885841000
IPHONE,351111569350620
SAMSUNG,350299945623070
SAMSUNGA13,351044515853862
SAMSUNGA13,354012645853869
IPHONE,350020985526668
SAMSUNGA52,357737810919189
REDMI13C,865390073988767
IPHONE11,350263905908844
VIVOY53,861838056438832
SAMSUNGS12,350699186207000
REDMI,866155069274887
NEFFOS,866996040953871
REDMINOTE13PRO,863357067385344
REDMINOTE13PRO,863357067385351
SAMSUNG,350026554063421
IPHONE15,357597637750799
IPHONE,353929794432580
IPHONE15RROMAX,358879686485421
IPHONE12,353039112502126
IPHONE,350349582129117
REDMI,861305042424370
REDMI,861144063402303
REDMI,861144063402311
XIAOMIREDMINOTEPRO,860359068819740
IPHONE,356586866866856
IPHONE12,356037848822427
IPHONE12,356037848843696
HUAWEI,862573040131537
HUAWEI,862017067989328
IPHONE,357353090887128
IPHONE,353899104113020
REDMI,861575068073864
SAMSUNGA54,354106243897500
OPPO,359786907683578
IPHONE14PROMAX,350867185980180
IPHONE,866925423102547
IPHONE,359008327539680
IPHONE,359008328567839
SAMSUNG,353929795174960
SAMSUNG,355039050030180
REDMI,350367274406550
REDMI,353842089072080
IPHONE,350642172420940
IPHONE,352280419291270
IPHONE,355807148588390
SAMSUNG,860454046160500
SAMSUNG,358685099890630
REDMI,863281061227064
IPHONE,860909072955240
IPHONE15PRO,357992876711588
SAMSUNG,350684622729090
IPHONE,359473642808394
IPHONE,354009449778010
IPHONE,356804119803840
SAMSUNG,356648102235720
IPHONE,356535326866880
IPHONE13,356586862918974
IPHONE,350264529680587
IPHONE,350264529281477
IPHONE,357992878722410
REDMI,354270980178740
REDMI,359444093930260
IPHONE,862326059365130
IPHONE,351552170289440
OPPO,867906055363650
IPHONE,868574062445670
REDMI,355382706188010
XIAOMI,865954054186930
SAMSUNG,350616259068430
IPHONE,352370391490720
IPHONE,861178042503460
SAMSUNG,357417980961210
SAMSUNG,863021074915950
IPHONE,866197042778390
IPHONE15PROMAX,354550164124196
XIAOMI,869600049621532
REDMI,868256061440581
IPHONE13,356586863213995
VIVOV29E,865304069248698
SAMSUNG,350370851386246
IPHONEPROMAX14,351914969062634
IPHONEPROMAX14,351914969286584
IPHONE,351829118548190
IPHONE15,353281477289788
IPHONE13,356586860003605
IPHONE14PROMAX,357006622690978
IPHONE13,356586860357837
SAMSUNG,352483842895197
SAMSUNG,861748059453383
IPHONE,356389955624116
IPHONE,356724115332707
IPHONE,356724115618717
IPHONE,354828656842753
IPHONE,354828356842753
IPHONE14,353730795410336
IPHONE,356905186332516
IPHONE11,356816119897060
IPHONE14X,353047093792939
IPHONE14,353169601908078
IPHONE14,355546534191898
SAMSUNG,353823707111800
IPHONE11,350588707210233
IPHONE,358287292742716
IPHONE,353929795979619
IPHONE15PRO,351073875852404
IPHONE,359967140167385
IPHONE,359967140010403
IPHONE,359773710033662
SAMSUNG,352552190506240
IPHONE,358287294590105
IPHONE,358287294838330
IPHONE14,352807140243620
VIVOV25E,860672064992659
VIVOV25E,860672064992642
SPARK10,353794196432785
IPHONE,351664764098461
IPHONE15,356630553504253
IPHONE15PRO,355721795243429
IPHONE14PRO,353730799115311
IPHONE,351643939843696
IPHONE,351643939096238
IPHONE,356552100616810
REDMI9A,869966065520688
REDMI9A,869966065520696
IPHONE13,356586860941269
IPHONE13,356588860123064
IPHONE,356799116570737
IPHONE,356799116866275
HUAWEIPSMART,862573040131537
APPLEIPHONE15PROMAX,354133890295596
IPHONE,369853109840415
REDMI,866920841054716
VIVO,866215046840211
IPHONE,369564080812514
IPHONE14,355546653347725
IPHONE,352992091181560
XIAOMI,866197042778390
IPHONE,860340066279920
IPHONE,857778149889998
IPHONE,868037555448447
SAMSUNG,355394908900352
SAMSUNG,860180448200201
IPHONE,357287297808900
VIVO,864983062523792
VIVO,864983062523784
IPHONE,355901947233326
IPHONE,355901947222246
IPHONE,354606983823184
IPHONE,354606983365954
IPHONE,350302397378775
SAMSUNG,369205481040167
IPHONE,350390120309183
IPHONE,350114365692834
IPHONE,357883110099973
SAMSUNG,351708814194471
IPHONE,358442710262025
IPHONE,353751254794460
SAMSUNG,356806117961409
IPHONE,353243109673003
POCO,863779057840501
IPHONE,353236101056375
OPPO,861112374903710
SAMSUNG,867317441860346
SAMSUNG,812740346720490
IPHONE,357175865813870
SAMSUNGGALAXYA52,867234041344850
REDMI,357782722961606
IPHONE,351918105261750
SAMSUNG,353230105040899
SAMSUNG,359465108520350
SAMSUNG,352844255187580
SAMSUNGA50,353950841530451
IPHONE,353048110718750
OPPO,351310090760980
SAMSUNG,355562900352196
REDMINOTE10,350860457255459
REDMI,865010062758381
SAMSUNGA50,359466408992405
SAMSUNGA7,867909058777563
IPHONE,354692277900115
REDMI,867034055326767
IPHONE,358300770305808
OPPO,865998058512177
IPHONE,352798299722255
SAMSUNGA32,866689043166454
SAMSUNGA80,352792297757278
REDMI,353055108837834
IPHONE,356725220088674
SAMSUNG,865787053107853
IPHONE,357782766323034
OPPO,866109044472357
IPHONE,354369102812565
VIVO,355665489403511
REDMI6,356477105316499
SAMSUNG,356860113030057
IPHONE12,356887113101477
SAMSUNG,861455457216599
HOCOX3,355256117726039
SAMSUNG,353786185119382
IPHONE7,350323108044894
OPPO,350956841512299
REDMI,390864487994479
SAMSUNG,860888048734585
REDMI,353827190044855
REDMI,864066055499996
IPHONE,356655102897699
POCOX3PRO,869066491055886
SAMSUNGA20,355076019327395
IPHONE,864256487512188
OPPO,355046574115935
IPHONE,356815202603115
SAMSUNG,359956048044039
REDMINOTE10,862455216237699
IPHONE,350266005897886
IPHONE,864256185113188
IPHONE,356076048188512
OPPO,350455048897855
IPHONE,352583793677355
IPHONE,352256216237886
SAMSUNG,355077574603115
SAMSUNG,864256487185512
IPHONE,390266185119188
REDMI,866147063309126
REDMI,866147063309134
ONEPLUS,866673056395095
ONEPLUS,866673056395087
IPHONE13,353751252544599
IPHONE,353916107175620
IPHONE,356552100616810
IPHONE,357248561248179
IPHONE,350585884745411
IPHONE,350585883447829
IPHONE,359121484928710
VIVOY36,861394064594740
IPHONE13PRO,351091214086062
IPHONE15,351947258231502
IPHONE13PRO,351091215860952
REDMINOTE,866988062235246
REDMINOTE,866988062235253
IPHONE14PROMAX,353751252544599
IPHONE,351661828547582
IPHONE13,356586869328516
IPHONE,358181353151513
IPHONE,356825418745693
IPHONE,356723111444979
IPHONE,356723111155724
IPHONE,353884199965590
IPHONE15,354694980147757
IPHONE,357884545174829
REDMI,869489057520310
IPHONE,353952156416541
VIVO,861380057194952
OPPO,353235909123812
IPHONE,354084022952489
IPHONE,867573904212029
REDMI,354770906151380
OPPORENO3,869311454998537
REDMI8,860358070601892
SAMSUNG,357108922290668
VIVO,351669068873989
OPPO,868629059449805
XIAOMI,355421480082592
XIAOMI,355746785528249
LENOVO,355894442442125
SAMSUNG,862456452415415
IPHONE,860215145121189
SAMSUNG,355564454428412
SAMSUNGA33,823215561454455
SAMSUNG24,355827704238432
IPHONE,352236855964486
OPPO,868574062439091
SAMSUNGA35,354586854848215
SAMSUNG,358176107950590
IPHONE,356706080665240
IPHONE,351447852570520
IPHONE,356088099943880
IPHONE,355328084943880
IPHONE,358165601264320
IPHONE,357261918518030
IPHONE,351465647758830
IPHONE,355017387063870
SAMSUNG,357452102899360
IPHONE,357680886474050
IPHONE,354038643358780
IPHONE,358560157852850
SAMSUNGA03,350133012830894
SAMSUNGA22,866546254112456
INFINIX,353022851544574
SAMSUNGGALAXYS22,350048585088177
IPHONE,359922417442441
IPHONE,359922415197880
IPHONE,358547328120702
IPHONE14PRO,354811951314394
SAMSUNG,356644104474056
IPHONE14PROMAX,352994531494530
IPHONE14,355281433983159
IPHONE14,355281433781728
REDMI,860870073903689
REDMI,860870073903687
REDMI,358244108482920
REDMI,864611056344889
REDMI,353281471532530
POCO,868671055138688
IPHONE,848355452225640
IPHONE15PROMAX,351080477369927
IPHONE15PROMAX,351080479564608
IPHONE15PROMAX,351080477886086
IPHONE15PROMAX,351080478045369
IPHONE15PROMAX,351080479574573
IPHONE15PROMAX,351080478169888
IPHONE15PROMAX,351080479581065
IPHONE15PROMAX,351080477783796
IPHONE15PROMAX,351080477758756
IPHONE15PROMAX,351080478105031
SAMSUNG,353881486029123
IPHONE,356586866555939
IPHONE,352871112117625
IPHONE13,350147741108893
IPHONE,352280419410990
IPHONE,356416677418269
IPHONE,356416677731091
IPHONE,350585887642201
IPHONE14PRO,352872332639840
IPHONE,355361721958814
IPHONE,350091870400558
IPHONE,350091870343261
IPHONE14PROMAX,350867186555569
VIVOV2247,864983064081880
IPHONE12,357771753045868
IPHONE,358293808935059
IPHONE,354321299945602
IPHONE,353103643529139
REDMI,860630063508744
IPHONE,350308316160905
SAMSUNG,351708815763985
SAMSUNG,354268745763982
IPHONE,352459252411220
IPHONE,868373038367980
IPHONE,862625052500668
IPHONE,862625052500676
IPHONE13PRO,353929796500224
IPHONE,350857185157359
IPHONE,353929796500224
IPHONE13,359577623363011
SAMSUNGGALAXY,354044519430581
SAMSUNGGALAXY,864894067679560
IPHONE13PRO,357782726432860
SAMSUNG,356356739444582
REDMI,358538774195268
SAMSUNG,355557888997996
IPHONE,355887669771856
IPHONE,354540531116355
IPHONE,354221885776997
XIAOMI,355066810558117
XIAOMI,868620066476363
IPHONE,354540531116350
IPHONE,889521668887352
SAMSUNG,355558669118857
SAMSUNG,350448738650446
SAMSUNG,350697248650441
IPHONE13,356858909781719
IPHONE13,356858909935331
IPHONE,354550160519159
IPHONE,354550160167918
IPHONE,358754213752080
SAMSUNG,358815108891930
IPHONE,350867183998520
IPHONE,353231118241850
IPHONE,351941230983700
SAMSUNG,351044519589700
IPHONE,355677819226640
XIAOMI,866709047274150
IPHONE,863478060539020
IPHONE,356697927920740
IPHONE,352977111451220
SAMSUNG,357035515876630
SAMSUNG,358165600457820
IPHONE,353879234922910
IPHONE,353167664414520
IPHONE,356459102944890
IPHONE,357522580433990
IPHONE,864973063058000
IPHONE14PROMAX,352994531440111
IPHONE13,358538774195268
IPHONE,357362090444350
IPHONE,357362090699383
REDMI,860253065502282
REDMI,860253065502290
IPHONE,356903554048251
IPHONE15,355361725848136
IPHONE15,355361724344814
IPHONE,369189042098509
REDMI,860870079267162
IPHONE,353874231013575
SAMSUNGA54,352350273991060
SAMSUNGA54,353435663991066
HUAWEI,868054045152570
IPHONE14PROMAX,358795282012072
IPHONE,356596729754040
IPHONE,359236734169220
SAMSUNG,356171105939680
IPHONE,353019112826060
SAMSUNG,354487112503430
IPHONE,353541321329540
IPHONE,357370822311160
XIAOMI,867674043335550
XIAOMI,861672047246740
IPHONE,350510545926804
REDMI,866538055903210
OPPO,862942051502840
SAMSUNG,350131656917160
IPHONE,357032764539470
NEFFOS,350249442476310
IPHONE,351430260062780
IPHONE,356656428058410
IPHONE,359928551778720
IPHONE,352561337620610
IPHONE,358478809235712
XIAOMI,863690053985911
REDMI,868880046079113
IPHONE15PRO,357597631049511
IPHONE15PRO,357597630652679
V2201,860672064403939
V2201,860672064403921
IPHONE,355677811044078
TEKNO,357248774436426
REALME,862082060203473
IPHONE,356327102698278
IPHONE15,356597929212822
IPHONE15,353134988487435
IPHONE15PRO,355361722727940
REDMI9,868955055832960
IPHONE13,352280412795540
SAMSUNG,352838659416430
REDMI,865607050464240
SAMSUNG,355710102933580
IPHONE,351241951456258
IPHONE,351512461951478
REDMI,863285058524540
REDMI,863285058524557
IPHONE14PRO,357555415657834
IPHONE14PRO,350585883573145
IPHONE,866918053845220
IPHONE,356725114673041
IPHONE14,350390120423216
IPHONE14,350390126692806
REDMI,867131053006650
IPHONE,354248586199991
SAMSUNGGALXYA24,358212584985542
IPHONE,353917850747849
IPHONE,353917850039213
IPHONE,352653443872213
IPHONE,352653443834775
IPHONE14,327170546734625
IPHONE14,357170547400537
IPHONE12,353054118582329
IPHONE,356427676642684
SAMSUNG,350616257442607
SAMSUNG,350960287442603
IPHONE,355458122578868
IPHONE15,357497543770926
IPHONE15,351433050185196
REDMI,861929069169363
MOTOROLAG24,350943480946570
SAMSUNG,357187982233151
POCO,869671060195086
POCO,864926058026585
REDMI10,867243068258069
REDMI10,867243068258076
MI9,861305044168731
MI9,861305044168749
IPHONE,350432089081666
IPHONE15PRO,353281471657824
IPHONE15PRO,353281471916436
IPHONE,359732433371635
IPHONE,359732433302259
IPHONE,354038649480169
IPHONE,354038649542729
IPHONE,358525995769399
IPHONE,358839814143342
IPHONE,358165609998850
IPHONE,358165608313069
IPHONE,353584655633812
IPHONE14PROMAX,355216222961701
REDMI,864066052416662
REDMI,864066053296667
IPHONE,354548726538861
IPHONE,354548725638803
IPHONE15PROMAX,358525991432067
SAMSUNGA23,352036554843910
IPHONE,353425686636657
SAMSUNGGALAXY,862017065181100
IPHONE14PRO,351253392461670
IPHONE,350091872432641
IPHONE,355818453891646
IPHONE13PROMAX,357782726201173
IPHONE13,356586862229752
IPHONE13,356586865118580
IPHONE,355041882644730
NOTHINGPHONE1,350778861701552
SAMSUNG,359449221440247
SAMSUNG,350074933905060
IPHONE,358688602307580
SAMSUNG,860650066848740
REDMI,861065061448020
POCCOX6,864739065555656
SAMSUNGGALAXY,867253054471190
IPHONE,351240516413397
SAMSUNGGALAXY,866191060432622
MOTOROLA,356909991631898
SAMSUNG,354550806564440
IPHONE,358774505259083
IPHONE,358774505410348
IPHONE,350091873609080
IPHONE,350867185772520
HONOR,868305063105476
XIAOMI11T,869376052514170
IPHONE15PROMAX,359779340929575
SAMSUNG,864973063058000
IPHONE,353899102512060
SAMSUNG,869168061941470
IPHONE,860752043964400
IPHONE,353170102696930
IPHONE,353067119022100
IPHONE,352866112921570
IPHONE,353249109217550
IPHONE,357042141212100
IPHONE,356586867466276
XIAOMIREDMI,866495076855506
XIAOMIREDMI,866495076855514
REDMI8PRO,868853051897778
REDMI8PRO,868853051897760
IPHONE,352937905260235
IPHONE,351553268134070
IPHONE,863138062989830
IPHONE,358293803184000
REDMI,357674130132080
REDMI,865504069459620
OPPO,864357066477830
SAMSUNG,355235300860536
SAMSUNG,358138610860534
IPHONE,352695693719545
IPHONE15PRO,350867185283180
REDMI10,868615063485880
IPHONE,350585882406644
IPHONE,354852317463640
IPHONE,358824786361650
SAMSUNG,350324531167180
REDMI,866538052663750
IPHONE,359076420748010
IPHONE,351500430422540
IPHONE,352887114478850
SAMSUNG,350642171791320
OPPO,868574061642240
POCO,868671058571060
OPPO,869253070131770
IPHONE14PROMAX,359236738052916
IPHONE14PROMAX,359236737466596
IPHONE,355458122475560
REDMI,867034054465209
REDMI,867034054465217
SAMSUNG,862520054851850
SAMSUNG,862520054851860
REDMI,865755058969490
REDMI,865755058969480
REDMI,866988060133880
REDMI,866988060133898
IPHONE15,353318856262745
IPHONE13,359642885971224
IPHONE,353986106628370
REDMI,861677053037990
IPHONE,356871111661550
REDMI,863661041254220
IPHONE,359889340835530
IPHONE13,359577624400234
IPHONE,328525991087481
REDMI,865643063208180
IPHONE,356174418668318
IPHONE,350585882093129
IPHONE,356586863423490
HUAWEI,862061062777150
REDMI,869844043870700
IPHONE,351559304333685
IPHONE14,353584657151516
IPHONE14,353584656828940
VIVO,869378069078434
VIVO,869378069078426
IPHONE,356559536830222
SAMSUNG,353029491321834
SAMSUNG,353532961321835
IPHONE,352425466245159
IPHONE,352425466020966
OPPO,863178065028118
REDMI,861944061124365
REDMI,861944061124373
IPHONE14PRO,350585883369635
SAMSUNGGALAXY,354940412192725
SAMSUNG,354106243977490
IPHONE,355746608155353
IPHONE13,356586864165459
SAMSUNG,355235301107846
SAMSUNG,358138611107844
IPHONE,357883110983127
SAMSUNG,357107763640747
SAMSUNG,357521163640745
SAMSUNG,358687860684143
POCO,353584651812576
POCO,353584651810570
IPHONE,964390850331692
IPHONE,964310850333496
SAMSUNG,358153620571054
SAMSUNG,358259130571052
IPHONE15PROMAX,354784329508957
SAMSUNG,352350276435537
IPHONE15PROMAX,350727301698028
IPHONE15PROMAX,351858373392048
IPHONE15PROMAX,890490320072088
IPHONE15PRO,350091870365918
IPHONE15,350793225384987
IPHONE,352876700782840
IPHONE,354852317463640
IPHONE,359779346306687
REDMI,867034058076168
REDMI,860244068292641
REDMI,860244068292658
IPHONE,357788724821543
ZTE,869789063269050
REDMI,352999113827710
IPHONE,357782724058850
REDMI,352999113827710
XIAOMIREDMI,860153077673000
INFINIXHOT12C,863693057744330
IPHONE,353340197876490
XIAOMIREDMI,868620066937110
IPHONE,354064572021390
IPHONE,354064572017208
OPPOA91,864630046871310
SAMSUNG,356761463100559
SAMSUNG,357105303100552
IPHONE,350585888283960
IPHONE,355708337185900
IPHONE13,352224322816703
IPHONE13,352224321956575
IPHONE,359595810679304
IPHONE,359595810225769
VIVO,862521061205656
VIVO,862521061205649
IPHONE,350585885098053
IPHONE15PRO,356579927895200
IPHONEX,354869095363940
POCO,865779057890910
IPHONE14PRO,353843244156670
IPHONE13PROMAX,351016094526180
IPHONE12PRO,353730396228060
REDMI,868256065420167
IPHONE14,356546586715830
IPHONE11,356549104938754
IPHONE,350264840759140
SAMSUNG,355350583100720
IPHONE,353247103028220
IPHONE15PRO,354230917132669
IPHONE15PRO,354230917350873
REDMI,862788067613540
OPPO,861039041052390
REDMI,866966062352750
IPHONE13,356985722368830
REDMI,868344076736570
IPHONE15PROMAX,359779345625720
IPHONE15,354851097666150
REDMI,865312044428600
REDMI,866966062352740
SAMSUNG,355221173591510
SAMSUNG,354692276566094
SAMSUNG,354692277063968
SAMSUNG,358184578079642
REDMI,865480060859574
REDMI,865480060859566
IPHONE,358416189831110
OPPO,861703049923010
REDMI,867002062542000
IPHONE,356682977442378
IPHONE,356682979555922
OPPO,865986051175413
IPHONE,355108988488150
IPHONE,352552194136876
IPHONE13,356586864381932
IPHONE,356686114535897
IPHONE,356686113183046
SAMSUNG,358259365795260
IPHONE14,353943233414329
IPHONE12,357619530072079
IPHONE11,358461423179532
IPHONE,356540677998550
SAMSUNGGALAXY,380725121161465
SAMSUNGGALAXYS22,353498551809926
IPHONE11,355126464890031
SAMSUNG,358259365795260
IPHONE,359214462331030
REDMI,868155069122180
IPHONE,359595810051199
IPHONE,353425686934532
SAMSUNG,864066051295650
SAMSUNG,353425686934535
IPHONE,350719113932389
IPHONE13,352966745145900
IPHONE13,352966745014684
SAMSUNG,358267718237889
IPHONE,350390124154100
IPHONE,350585889563650
SAMSUNG,350356671393770
XIAOMI,860414065600520
SAMSUNG,865205043216690
IPHONE13,355636353208202
IPHONE14PRO,359065915332324
POCOC65,868244073978582
POCOC65,868244073978590
SAMSUNG,354882178477090
SAMSUNG,356114328477095
REDMI,868101067769965
IPHONE,358525995903147
IPHONE,350867186388136
IPHONE,353281476709836
IPHONE15,359333606751222
IPHONE15,351926530035709
IPHONE15,359333606163105
IPHONE15,354287198254844
IPHONE13,352280412595052
IPHONE14,356535327964495
IPHONE14,356535320395093
SAMSUNGS23,350411871769779
VIVO,869720058625495
IPHONE,353167666389648
POCOX6PRO,863478064442621
XIAOMIMI11,868285055469447
IPHONE14,359008326998895
IPHONE,350273886062958
IPHONE,356586866519836
IPHONE,355340651698988
SAMSUNG,354704417158327
IPHONE,359824372611178
IPHONE,359824379395387
IPHONE11,353834101489677
IPHONE13PROMAX,357091127926127
SAMSUNG,354133891733371
IPHONE14,350654418087805
IPHONE15,356840670871051
IPHONE14,356094675690328
IPHONE14,356094675157625
IPHONE,353505455798315
IPHONE,350981864407843
IPHONE11,353835105822540
IPHONE11,356281923143982
IPHONE,359388532819378
IPHONE,354715687804877
IPHONE,351430260282599
IPHONE13,352569485295495
IPHONE,350742137018472
IPHONE,350867182265221
IPHONE,351719740910670
SAMSUNG,352053266543563
REDMINOTE,869972031005880
IPHONE12,351696728168170
IPHONE12,351696727857856
IPHONE,355794424403011
IPHONE,355794424953916
IPHONE,355340652031973
IPHONE,355340651930787
IPHONE,353462942858403
IPHONE,350273883742891
IPHONE14,355846129833353
IPHONE14,355846129632805
IPHONE12,352484812048627
IPHONE12PRO,354991553478440
IPHONE12,353066117677650
IPHONE,351793390262272
IPHONE11,353568250946380
IPHONE11,353568250172086
IPHONE14,359008327352472
SAMSUNG,352350115206460
SAMSUNG,352689821968390
IPHONE,350020987336800
IPHONE,353281473447460
SAMSUNG,350867775594740
SAMSUNG,356389109206650
SAMSUNG,865233052966950
IPHONE14PROMAX,353704415694720
IPHONE15PROMAX,351858370882720
REDMI12,861914077008340
SAMSUNGGALAXYS20FE,357107767256600
IPHONE15PRO,354070965017140
IPHONE14,355846129772760
SAMSUNGGALAXYA8,359933093222700
IPHONE,352807142377870
IPHONE,356586867961430
OPPO,860703051484990
IPHONE,357789401909290
IPHONE,353700950412410
IPHONE,358546119194330
IPHONE,358547320820750
IPHONE13,354029160396496
IPHONE13,354029160150612
IPHONE,358560150718460
IPHONE,358560150787563
SAMSUNG,352737402281894
IPHONE13,355196758111311
IPHONE13,350060427630058
IPHONE15,352400475976177
SAMSUNG,352271450926093
SAMSUNG,350153279336583
SAMSUNG,356063249336585
VIVO,865304069724698
VIVO,865301069724680
IPHONE15PROMAX,352310725662438
IPHONE13,350407037488494
IPHONE13,357573874067908
SAMSUNGS22,350330056778415
IPHONE15,354551542095090
IPHONE,358129720232623
IPHONE,355833867605813
REDMI,869542065195548
TECNO,355609334140463
IPHONE14,358457882023591
IPHONE14,358457882854821
ASUS,355305112305671
IPHONE,350313043320772
IPHONE,354324416465553
IPHONE,350585885285888
SAMSUNG,354270984269168
SAMSUNG,355124734269169
IPHONE11,352695696457340
IPHONE13PRO,352966745145900
IPHONE11,864973068550500
IPHONE12PROMAX,350141780343800
IPHONE13,356174415733540
IPHONE14,355833865986470
SAMSUNG,358561970670850
OPPO,353175866907150
REDMI,869354176052425
REDMI,833571789051616
REDMI,362424178051908
IPHONE,358288945408275
IPHONE15,354230910230635
IPHONE15,354230917205929
IPHONE,359282703875105
IPHONE,359282703874595
TEKNO,355609334148581
IPHONE14,350867185888380
IPHONE,355799332756430
IPHONE,865563079004420
HONOR,868305069269570
IPHONE,357782726059167
IPHONE,357782726777065
IPHONE,350585884859824
IPHONE,350585889600090
IPHONE,353917856165475
IPHONE,353917855208896
IPHONE15,356193370260989
IPHONE,355487736211616
IPHONE,350867182552842
SAMSUNGA54,256080125988875
SAMSUNGA54,257141185988871
OPPO,350270059600812
REDMI11,865796062300960
IPHONE11,358292241246160
REDMINOTE11,352280410134620
REDMI11,865796062300970
REDMINOTE11,864028063858760
SAMSUNG,356988310614413
REDMI11,350524541207930
IPHONE,357158818249828
IPHONE,354672344970247
IPHONE,354672344850357
IPHONE,354950993797156
IPHONE,354230911225162
IPHONE,356660804586973
IPHONE,356660804646108
IPHONE,356660805217065
IPHONE,356660805237279
IPHONE13,356586868324300
IPHONE14,357132534347810
IPHONE,356905187030465
IPHONE,356905185775384
IPHONE10,350815085623035
VIVO,864983063041240
IPHONE,358824789619880
IPHONE,358265589970470
SAMSUNG,354838357348920
IPHONE,353134984602090
REDMI,350717693871160
IPHONE,352836113128120
IPHONE,355600722096120
IPHONE,355708333395000
SAMSUNG,356002728755420
IPHONE,350542608884410
IPHONE,354852317463640
IPHONE,356693110456950
IPHONE,355960228881380
IPHONE,356826683555280
IPHONE,359676580964600
IPHONE,355090088906600
IPHONE,863171040549440
IPHONE,351253394244620
IPHONE,350390127692590
XIAOMI,866583064661680
IPHONE,869367040329530
IPHONE,357283095320410
XIAOMI,861795064584600
IPHONE,355319548691430
IPHONE,350507040057340
IPHONE,358801094048980
IPHONE,350944543103640
IPHONE,350419533254490
IPHONE,357143264220600
XIAOMI,862133061183170
IPHONE,355060583438120
SAMSUNGGALAXYS24,351885212466089
SAMSUNGGALAXYS24,352096882466081
IPHONE,353929797633537
IPHONE,353763698645898
IPHONE15,355746605900371
IPHONE15,355746606503778
SAMSUNG,354595388167780
IPHONE,357076834135468
IPHONE,354696402248000
IPHONE13PRO,350249442047741
IPHONE13PRO,350249442164009
IPHONE,350585884378981
IPHONE,350585886372551
SAMSUNG,353182205404030
IPHONE13,358184148546419
IPHONE13,358184148672694
IPHONE,354287196799618
IPHONE,357926956570761
IPHONE,357926956016336
SAMSUNG,353607433037442
XIAOMI,862219065643325
XIAOMI,862219065643333
INFINIX,353789912994606
INFINIX,353789912995614
IPHONE12PROMAX,353175867754353
IPHONE12PROMAX,353175868311553
IPHONE13,359773711298413
SAMSUNG,350699187280740
IPHONE15,356840671826914
IPHONE,351025521476731
REDMI,866638041064070
IPHONE14,353917854283190
IPHONE,352433801081620
REDMI,861303048875810
IPHONE13,356122172769120
IPHONE14,861234051824520
IPHONE15,867587047120460
IPHONE13,358184140187520
IPHONE13,358785687248860
IPHONE,357778619727200
REDMI,864573059729790
IPHONE12,356713116690610
IPHONE,354789239385920
IPHONE,867227074082870
IPHONE,359412083185420
XIAOMIREDMINOTE13,863357068535764
IPHONE14,356416673592992
IPHONE15,351071523346423
IPHONE15,351071523259725
XIAOMI,864019078847430
XIOMIMI13LETE,352224770091379
REDMI11,869644405581830
IPHONE,352807141304057
IPHONE14,351643938970078
IPHONE,350390128566172
IPHONE,350390126845842
IPHONE,355870372415247
IPHONE,351025658794185
IPHONE14,358220480861493
IPHONE14,358220480580390
REDMI,866042045390858
REDMI,867955937214093
SAMSUNG,867956317923119
REDMI,866391293106721
IPHONE,366732127439163
IPHONE,867641247945619
IPHONE,866704815761122
SAMSUNG,867845925314520
HONOR,869627074989427
SAMSUNGGALAXY,352350275542275
REDMI11,863103051691630
HUAWEI,864105063528139
SAMSUNGGALAXY,861394064594740
REDMI11,356452732718140
REDMI11,352814104661420
SAMSUNG,350957913523840
IPHONE,867679068043050
IPHONE,355915445382088
IPHONE15,351071522038583
IPHONE15,351071522490982
IPHONE15,357291745379290
SAMSUNGGALAXYA32,350131658203570
IPHONE13,359595810417510
IPHONE14PROMAX,353180363213820
IPHONE,351613325892367
IPHONE14,350012900572370
IPHONE13,352882105103456
IPHONE15,350091877935739
IPHONE,354548722418944
IPHONE,354548722314341
SAMSUNGA50,357541031002351
SAMSUNGA50,351212541200658
IPHONE14,354248582091549
IPHONE14,350390128617066
IPHONE14,350390125591637
IPHONE,358788964822131
SAMSUNG,355382703097009
SAMSUNG,359908273097007
IPHONE15,356597920688990
IPHONE13,352391576401030
SAMSUNGA34,354271817652280
SAMSUNGA31,356561111984060
SAMSUNG,356561111358250
SAMSUNGGALAXYA32,866538052920340
SAMSUNGNOTE10,357786473903090
IPHONE12,359458684030590
IPHONE,352831577046537
IPHONE,354133892081820
REDMI,868615062755830
IPHONE,351351021153400
OPPO,861744047633510
IPHONE,358686414331150
SAMSUNG,350246953005900
IPHONE,353011099426280
IPHONE,357771773629560
IPHONE,354827093665170
IPHONE,352336429480553
SAMSUNG,354464119781300
REDMI,354464119781300
IPHONE,350089112918361
IPHONE,358525999189198
IPHONE13,356432871123063
IPHONE14,354827382992327
SAMSUNG,351552170618570
IPHONE14,356094678801899
IPHONE11,353842101990065
IPHONE,354811954251734
REDMI,862938065037267
REDMI,862938065037275
INFINIXNOT40,357584623730415
OPPO,862743060567775
IPHONE,353631308273050
IPHONE14,350857183916410
IPHONE13PRO,358823344192235
IPHONE12,350905824170753
IPHONE12,350905824073080
IPHONE14,350273883844085
IPHONE14,350273883442849
IPHONE,355870372171964
IPHONE,355870372134822
IPHONE16,356300319127282
IPHONE,359432903566076
IPHONE15,350823005710083
IPHONE15,350823005200101
IPHONE13,358677231277701
IPHONE13,358677231199368
OPPO,863610042432820
SAMSUNG,853417441564097
IPHONE,351914962362585
HUAWEI,869907037995110
IPHONE,357654177979330
SAMSUNG,355497596756470
REDMI,860870072769820
POCO,869374060077620
IPHONE,359984986260300
SAMSUNG,356644102330690
IPHONE,355317930018060
IPHONE,356761829069720
XIAOMI,861267062342120
IPHONE,354615751218550
IPHONE,353035114082590
SAMSUNG,353823703162520
IPHONE,351072502963800
IPHONE,350419530938930
IPHONE,353134986534300
IPHONE,864684053090250
REDMI,863507051391160
IPHONE,356891463246700
SAMSUNG,358174194460500
IPHONE,354485257530250
IPHONE,359176102731310
IPHONE14,352712092730040
IPHONE11,353901106805050
IPHONE11,354487113942510
SAMSUNG,356303089243340
SAMSUNG,865782054584720
IPHONE13,357782724832290
SAMSUNGA51,869720059510500
VIVO,869720059510510
IPHONE15,357926954974240
IPHONE,352142379926094
IPHONE,352142376083733
IPHONE14PROMAX,355195305473133
IPHONE11,357859240873750
IPHONE11,353996109500852
IPHONE15,354216103923040
IPHONE13,350012900572370
IPHONE,353612207483020
IPHONE,353612209919492
RRDMINOTEPROA3X,865412073466717
IPHONE,356630557576786
MOTOROLLA,350492021423939
IPHONE,359485287416548
IPHONE,356452877647324
IPHONE,352720800344860
SAMSUNG,351552170956739
IPHONE14,354841668384224
IPHONE,352053265856750
IPHONE16,358798961050900
IPHONE,352033763628919
IPHONE,352459255756886
IPHONE,354550160226490
REDMI,862433068719525
IPHONE15PRO,353946315932266
IPHONE15PRO,353946314128064
IPHONE15,358165603749374
POCOX6,867837062767428
POCOX6,867837062767436
IPHONE13,351519633231034
IPHONE13,351519633479542
REDMI,358658052295260
SAMSUNGGALAXYA51,355078745501440
IPHONE13,352273360586413
IPHONE,351580111606741
IPHONE,358973105401940
IPHONE,354789326659217
IPHONE,354811951970898
IPHONE12,356689118139520
IPHONE13,867274061778530
SAMSUNG,535806332807182
SAMSUNG,352053262807186
SAMSUNG,866548752620415
IPHONE,356086095634830
REDMINOT11,359461100851090
SAMSUNGGALAXYA5,862017065181100
NARZO,862082060163310
SAMSUNGGALAXYS21,359977830625741
IPHONE13,860619065521850
IPHONE,351069587161472
IPHONE,351069587203175
SAMSUNGGALAXY,351552170635655
SAMSUNGGALAXY,352188280635654
IPHONE,353244119342470
REDMI,863452351097621
IPHONE14PRO,350056593358854
IPHONE,369808485925130
IPHONE,366807429654785
SAMSUNGA41,350662677164440
IPHONE15,357926954521709
IPHONE 14,356007118096250
IPHONE,354012649528490
SAMSUNG,356905261735080
SAMSUNGA55,357042142393785
IPHONE13,353763861417984
IPHONE13,357782726615580
OPPO,867414061454890
REALME12,867759060709157
IPHONE13,354789239036020
IPHONE15,353134989465520
REDMI9T,866918050777960
IPHONE,350390157029140
IPHONE,350390157031494
IPHONE16,351006198818652
IPHONE15,351069586935157
IPHONE13,354199613447830
IPHONE,350390157029144
IPHONE13,350056837603362
IPHONE13,350056837631488
IPHONE,350390157029141
IPHONE14,358579648502632
IPHONE13PRO,358298160061352
OPPO,863131077581630
IPHONE15PRO,356597929318827
SAMSUNGGALAXY,864596741530025
REDMI10PRO,868625418545236
REDMI,868698712534698
IPHONE,355746609219240
HONOR,860060063324134
HONOR,860060063344140
VIVO,863790074195563
VIVO,863790074195571
IPHONE11,356857118466980
IPHONE,352280412980825
IPHONE15PRO,355407368220826
IPHONE,358686327966500
IPHONE,355123375486751
IPHONE,352941880127922
IPHONE13,350048278740837
IPHONE13,350048276835803
IPHONE13,352561330597258
IPHONE,357573876109450
SAMSUNG,351285622478479
SAMSUNG,355289142478478
XIAOMIREDMI,868725064275760
IPHONE13,352280417901700
IPHONE14,350349580829288
SAMSUNGA4,350026554138231
TECNO,358987935636403
IPHONE11,353845100788580
IPHONE13,350585884922655
SAMSUNGULTRA,359889342364505
REDMI,866873057024100
REDMI,860818078161760
IPHONE14,356150809976820
IPHONE15PROMAX,350727304960523
IPHONE13,356686862736897
IPHONE14,350585887501340
REDMI10,860099056949680
SAMSUNGH2,355009521744906
IPHONE,357782727108062
IPHONE,357782727476030
IPHONE13,351063313834304
IPHONE15PRO,354133896952604
REDMI,869389058052637
IPHONEX,354862095026030
IPHONE13XSMAX,352280413293863
SAMSUNGGALAXY,351062771865300
IPHONE,359889346123253
IPHONE,359889346232419
IPHONE14,350390125722265
IPHONE,359076421125474
SAMSUNG,366902733621013
IPHONE11,353871101979730
IPHONE13,352280413293863
OPPOA55,860334044575260
IPHONE12,353040118907500
XIAOMILITE13,866583064172263
IPHONE14PROMAX,355216226605973
IPHONE13,354090441257790
IPHONE13,351385195570635
SAMSUNGGALAXY,352486280634046
IPHONE,355090083222184
IPHONE,355091083222182
SAMSUNGGALAXY,550910301429585
IPHONE,352682500781108
IPHONE13PRO,350112335012232
IPHONE,350108729452877
IPHONE15,359760286598889
IPHONE15,352691624649885
IPHONE15,357265993705570
IPHONE15,356630558458026
IPHONE,359855215425628
IPHONE,359558251524845
IPHONE,352563745639765
IPHONE,359076422390234
IPHONE,359076422725173
SAMSUNG,359462104579312
SAMSUNG,359463104579310
IPHONE,354781548920021
IPHONE14,356891469961130
VIVO,862521061163129
IPHONE13,357332368346561
IPHONE,355492391017084
IPHONE,352972445071602
IPHONE,352972445145760
IPHONE,357500964931172
IPHONE,357500966839241
IPHONE,353084785526259
IPHONE,353084786412640
SAMSUNG,351610263145340
IPHONE,356265245822604
IPHONE,356557843750315
IPHONE,356557843879098
IPHONE16PRO,351385199158734
SAMSUNGA13,353149260218936
IPHONE12,358710338667233
SAMSUNGA15,354130544163592
HUAWEI,864632062940130
TECNO,359889342364505
IPHONE15,351073872193521
IPHONE,350273883964248
IPHONE16PROMAX,359737306077656
IPHONE11,351152147592635
HONOR,862391051108587
HONOR,862391051108579
IPHONE12,353867181789270
IPHONE,353281476444400
SAMSUNG,359892120164800
IPHONE,353281476749071
IPHONE14PROMAX,350349582832728
SAMSUNG,352924991237930
IPHONE13,354038649294974
SAMSUNGA40,351910570445267
IPHONE16PRO,355564846633234
IPHONE,353017382698130
IPHONE14,352192203982078
IPHONE14,352192203988554
REALME,864905050215172
IPHONE13,355870375685127
IPHONE,351135569692870
IPHONE,350585889048688
IPHONE,350585881579326
IPHONE,351947255631365
IPHONE,351947256876993
SAMSUNG,357865261088230
POCO,867414065177740
IPHONE12,356356735992402
SAMSUNGA31,354003361199504
IPHONE15,353125418951485
IPHONE14,335951358456987
IPHONE,353870302031850
IPHONE,355728185760771
IPHONE,355728185800833
OPPO,862340050914057
IPHONE,353035113228059
IPHONE14,350390120555959
IPHONE14,350390128836575
IPHONE,350550256098680
IPHONE13,355616307400402
IPHONE,354828092013529
IPHONE,354090447672760
IPHONE14,359922414868515
REDMI9A,869789063642555
IPHONE13,352472599958381
IPHONE11,353925105618780
SAMSUNG,868595077117976
IPHONE15PROMAX,359779345134478
IPHONE13,356586866742073
REDMINOTE13PRO,861520075041207
REDMINOTE13PRO,861520075041215
IPHONE15PROMAX,352229495653759
IPHONE13,355317939056437
IPHONE13,355317939596671
REDMI,862124078769846
IPHONE,350879906858736
SAMSUNG A 50,353881487710950
SAMSUNG 53,356908780500470
SAMSUNG,351632897668170
IPHONE 16,357196593673040
SAMSUNG C24,355731677840200
IPHONE 14,350114365966980
IPHONE 15,359333608077920
IPHONE 16,354136653714140
SAMSUNG,354230913324440
REDMI,866685042723479
IPHONE15PROMAX,356840675356629
IPHONE13,356858905179540
REDMI,866556062534100
HUAWEI,868054049888010
HUAWEI,868054049898020
IPHONE,355430975567512
IPHONE12,354440898999222
REDMI,865553067447567
REDMI,865553067447575
IPHONE16PRO,354553644066177
IPHONE16PRO,354553644287054
IPHONE13,356228320255653
IPHONE,356686865717084
IPHONE14PROMAX,354841669888736
IPHONE13PROMAX,352653442823456
IPHONE,356586868047547
IPHONE,356586867724641
IPHONE14,351592241301325
IPHONE,355060580749963
IPHONE,355060580777006
IPHONE14PRO,354256837832047
IPHONE16,358798964798638
IPHONE14PROMAX,355656663339860
HONОR,868607073571427
HONОR,868670073539986
IPHONE,353035113004435
IPHONE,351955446264251
IPHONE,351955447173907
IPHONE,350390121366380
IPHONE,350390127615145
IPHONE,356963143537002
SAMSUNG,350532455920825
SAMSUNG,355827705920822
XIAOMIREDMINOTE13,866439907537948
IPHONE14,359451599253640
IPHONE,352280412718191
BLACKVIEW BV6200,353326512476666
IPHONE15,359626455518140
IPHONE13,356905189293540
IPHONE10,356828118623180
IPHONE,352913651672907
IPHONE,352913651709865
XIAOMIREDMINOTE,864965077303039
XIAOMIREDMINOTE,862892079909773
IPHONE15,354784326004489
SAMSUNGGALAXYA25,357567912883151
SAMSUNGGALAXYA25,357821242883153
IPHONE12,352023211780651
SAMSUNG,352485224522260
IPHONE14MAX,350867189959150
VIVO30,867228048918510
IPHONE,356649155315009
IPHONE,356649155092319
IPHONE15PRO,352433804643705
IPHONE15PRO,352433806279201
SAMSUNGGALAXYA12,350699187242320
SAMSUNGC24,350300273601658
IPHONE,867580070090220
REDMI,866507065574790
IPHONE,356753566097519
IPHONE,356649155315009
IPHONE16PROMAX,353995654408545
IPHONE13,353082805352490
IPHONE,353692997726374
IPHONE,353692997673238
SAMSUNG,359933097516057
SAMSUNG,359934097516055
IPHONE,357853689478627
IPHONE,357853689936251
SAMSUNGS22,350693342129221
IPHONE15,359967146418071
IPHONE13,359551274363703
IPHONE,356586867184309
IPHONE15PRO,355721794784928
IPHONE16,357988124537783
XIAOMI,862432050638933
XIAOMI,862432050638925
OPPO,862433050638934
IPHONE,350717697245483
IPHONE16,355783821122464
SAMSUNG,351492312425230
IPHONE,357666539511946
IPHONE,357666534676587
SAMSUNGGALAXYNOTE8,358335082155464
IPHONE14,352624479528607
SAMSUNGA16,350527360176899
IPHONE14,352624478625123
SAMSUNGA16,351312180176897
IPHONE16,356541625370542
IPHONE16PRO,354985554615298
IPHONE,350390125726613
IPHONE,355921477712697
IPHONE,350343685243255
IPHONE,350343685175713
REDMI,865977043557407
IPHONE16,352502305643693
SAMSUNGGALAXYA55,351350249998637
IPHONE,359761975234207
IPHONE12PRO,350510542890420
REDMI,869771074811239
IPHONE15,351149517628950
IPHONE13,352355507797142
VIVOY35,802521067910030
IPHONE,353446787002090
SAMSUNGGALAXYA25,359795508599913
SAMSUNGGALAXYA25,357576778599912
IPHONE15PROMAX,357275793854446
IPHONE15PROMAX,357275793805273
IPHONEXR,356423102493941
IPHONE,359008328592100
IPHONE,359008325658540
IPHONE,358181352413641
IPHONE,358181352463182
OPPO,861139049739260
OPPO,865566047683070
HUAWEI,863313039184430
IPHONE,359974600004322
IPHONE,358295597349558
REDMI,356545300678100
SAMSUNGGALAXYA35,351676562777831
SAMSUNGGALAXYA35,357896812777837
IPHONE,358182352413642
IPHONE15,350492190901400
IPHONE15,354784326162972
IPHONE13,356586860900743
OPPO,356298776854410
IPHONE,352229497290147
IPHONE,352280411469531
REDMI,864122066126944
REDMI,864122066126951
IPHONE,350048275854003
IPHONE,862433050634393
SAMSUNG,353246117329655
SAMSUNG,357492901357341
TECNO,353371114452946
IPHONE13,357492901216737
IPHONE,359139869792244
IPHONE,356896563214512
SAMSUNG,354465114883364
IPHONE,357300541045033
IPHONE,235086718117926
IPHONE,351664476761525
IPHONE,352756214385706
IPHONE,363526998525263
IPHONE,357573872454461
SAMSUNGGALAXY,350356278545893
IPHONE13,864399073115231
OPPO,869715089217722
SAMSUNGGALAXY,357232499663325
IPHONE11,352509585398881
IPHONE15PRO,355361724248015
IPHONE,356885193231150
SAMSUNG,866524451891889
IPHONE,356586866971125
XIAOMI,861585506187062
VIVO,869877049921370
IPHONE,357431165806537
IPHONE,351456451901402
SAMSUNGS8,355897090509183
IPHONE13,358538775840320
SAMSUNG,351044529538320
REDMI,865291067930080
SAMSUNGGALAXYA3,350060033726613
IPHONE,385879683880525
IPHONE,358879684226918
SAMSUNGA30,354360150047410
XIAOMI,869789063701250
SAMSUNGGALAXY24C,354321590896405
IPHONE12,357217400982269
SAMSUNGGALAXY,375459550350657
SAMSUNG,869905069784470
IPHONE,353995655378721
IPHONE,353995655399636
IPHONE,353995654601107
IPHONE,353995655168866
IPHONE,357192891554945
IPHONE,356052830273612
IPHONE,357192891017497
IPHONE,354427912841506
IPHONE,353995655224891
IPHONE,353995655183147
IPHONE,353995655442576
IPHONE,353565913276320
IPHONE,353565912790479
IPHONE,354427912986822
IPHONE,353565911712532
IPHONE11,352417941687485
SAMSUNGGALAXY,352485222142550
IPHONE,359862149723132
IPHONE,359687306576803
IPHONE,358708091787810
IPHONE,353324838016936
IPHONE,865976042556407
SAMSUNG,359264305003245
IPHONE,865972040550048
IPHONE16,358413693212733
IPHONE,358763464774940
IPHONE11,352417941687485
IPHONE,353996103306840
IPHONE14,357589730502870
SAMSUNGGALAXY,355195303327230
IPHONE,350689753985577
IPHONE15,355728181335870
IPHONE14,357782723025553
REDMI,868725066150726
IPHONE14PROMAX,352784498707792
TECNO9,359479670914301
TECNO9,359479670914319
REDMI,863021074800485
IPHONE,350550254535057
IPHONE,350550254806144
OPPO,860414061957165
IPHONE,354841669451956
IPHONE,354841669673914
IPHONE,357648388514668
IPHONE,357648388555505
IPHONE,350992325862047
IPHONE,350992325141095
IPHONE,351974973337150
IPHONE,358525999489937
IPHONE14,352192205515410
IPHONE13,358439164234401
IPHONE13,358439164323139
IPHONE14,350390128216422
IPHONE14,350390122827711
IPHONE12PROMAX,357014746728096
IPHONE12PROMAX,357014746605120
POCOX6,867837066261444
POCOX6,867837066261451
IPHONE13,351509528033181
IPHONE13,351509528203106
SAMSUNG,353548754405370
IPHONE14,352909119123384
IPHONE14,356148548569986
SAMSUNG,350572361298544
SAMSUNGGALAXYA05,350280694940071
IPHONE11PRO,353241101654567
IPHONE,351952299745866
IPHONE14,350390124810897
IPHONE14PRO,356852882085362
OPPOA17K,869802064912354
REDMI,867730070946862
IPHONE,350400213951830
IPHONE,354650917231528
IPHONE,354650917175220
IPHONE,355506723393960
IPHONE13,356417998323865
IPHONE13,356417999388883
SAMSUNG,354460114759481
SAMSUNG,354461114759489
IPHONE,355658668598425
IPHONE,355613851658123
IPHONE15,359643395939543
IPHONE11PROMAX,353898104019682
IPHONE11PROMAX,353898104010723
IPHONE15PROMAX,350814290415264
IPHONE12,275646025044347
IPHONE,353318854436910
IPHONE,351280598294950
IPHONE,352883115561780
IPHONE,355351691533212
IPHONE,350351908841960
IPHONE,356122163007990
SAMSUNG,353603510139850
TECNO,358586400687100
OPPO,866227068462370
IPHONE16,358309635927790
IPHONE14,354645212878070
IPHONE,355833807139730
REDMI,866797066157821
OPPO,868305068093850
IPHONE,353995655861486
REDMI,864904054273830
SAMSUNGA50,359463106442340
IPHONE,358257936516396
IPHONE,352676528748460
IPHONE,356870112534751
IPHONE,358074291188300
REDMI,356856118250760
IPHONE,352149879558448
REDMI,864399072586370
REDMI,861052071845610
SAMSUNG,356560112849420
SAMSUNGA06,350362535954572
SAMSUNGA06,354592685954578
REDMI,864573052381820
IPHONE,356514410108560
IPHONE,865792062885770
SAMSUNG,356514400107561
IPHONE,358250932516398
IPHONE,350957613510290
IPHONE,356176845266616
IPHONE,356176845963808
IPHONE,359076396231703
IPHONE,359076396949460
IPHONE15PROMAX,351073876193865
IPHONE15PROMAX,351073875655245
IPHONE15PRO,353884198807893
IPHONE15PRO,353884197422439
REDMI,865157067741880
IPHONE,353621623734353
IPHONE15,351260966504487
IPHONE14PRO,350585882724186
IPHONE16PROMAX,355445528229816
IPHONE12,401770098687647
REDMI,863720075919901
IPHONE13,351150163731027
IPHONE15,355860521458149
IPHONE,359802445424225
IPHONE,359802445434984
SAMSUNG,354516961425565
SAMSUNG,358332651425568
IPHONE,315251451265852
IPHONE,351485963258741
XIAOMI,868441063265869
SAMSUNG,351176655399708
SAMSUNG,354266665399704
IPHONE13,355439671995760
IPHONE16,353397160517580
SAMSUNG,359825600104100
SAMSUNG,356423200544100
IPHONE15,359779341428577
POCOF6,355721793903350
IPHONE,354248586109354
IPHONE,359209654812590
IPHONE,868440083265833
IPHONE14,355546532885590
IPHONE14,355546532104158
IPHONE15,354689826109854
REDMI,863690052137555
VIVO,868422051930789
IPHONE,351176350398708
OPPO,868440063265868
SAMSUNG,356875123600540
SAMSUNG,350057710995255
SAMSUNG,350686500995255
IPHONE,357309612996300
IPHONE,357309612816581
XIAOMI,862235043130600
IPHONE,866048076182720
REDMI,869641041724460
IPHONE14PRO,358666974281491
IPHONE16,353117417354600
XIAOMI,869678066977292
IPHONE,351149517836625
IPHONE,351149517947172
IPHONE,355109182827634
IPHONE,355109182758938
IPHONE,385293806500509
IPHONE,358293806337951
SAMSUNGA24,352339311082214
REDMI,869439071130389
SAMSUNG,358890545155370
IPHONE,355067544658669
SAMSUNG,861450058262600
SAMSUNG,351285624046620
SAMSUNG,354486113521980
SAMSUNG,356789230888400
IPHONE,356790250300510
IPHONE,358245250484572
IPHONE,358245250284899
IPHONE,356586862376496
IPHONE,356586862214515
POCO,862842072405287
IPHONE15,354009448207970
IPHONE15,354009449502932
SAMSUNG,350300273359679
VIVO93,860350073569080
IPHONE14PROMAX,356266756130049
SAMSUNGGALAXYA24,355655247158324
SAMSUNGGALAXYA72,350654745287149
XIAOMIREDMINOTEPRO50,350745635412895
XIAOMIREDMINOTEPRO50,355352452789456
IPHONE12PRO,353175866997790
REDMI,867541074528204
REDMI,867541074528212
SAMSUNG,356456800946200
IPHONE13,351091215425574
IPHONE13,351091215724950
SAMSUNG,357589739270578
IPHONE12PRO,350585882909464
MEIZU,356875960321052
IPHONE,350867181599182
SAMSUNG,354251050880720
HUAWEI,867540075528220
IPHONE,352033760589288
IPHONE,352033760606116
IPHONE,350273884768234
IPHONE,350273884855817
SAMSUNG,352053261622651
REDMI,864332071594586
REDMI,864332071594594
IPHONE,351795551193920
SAMSUNG,354550809506110
IPHONE,869145079183410
IPHONE,356520509730780
IPHONE,353272492965060
IPHONE,359760282142690
IPHONE,359760282039573
IPHONE,354550164535946
IPHONE,353173583925530
IPHONE,353173584227530
IPHONE14,350585886300547
REDMINOTE11PRO,866797063743896
REDMI12,861043071281867
IPHONE16,350717764097692
IPHONE,357264091972480
IPHONE,357850276312300
SAMSUNG,353634530580827
IPHONE,350108727077395
IPHONE,350108726969145
IPHONEP16PRO,357508866697338
SAMSUNGGALAXY04,855858354565368
IPHONE14PROMAX,359449123586139
IPHONE,350320749398408
IPHONE15PROMAX,356064805583982
IPHONE,358571311199895
IPHONE,358571311041980
IPHONE16PROMAX,353397167370934
IPHONE16PRO,357196593536134
IPHONE,864684054950670
IPHONE,355018538990261
IPHONE,355741502154586
XIAOMIREDMI11,890596068070038
OPPO,860051066160898
OPPO,860051066160880
IPHONE16PRO,357442266904310
IPHONE11,352836113780523
HUAWEI,861746076145669
IPHONE,353076694857551
IPHONE13PRO,352653446258907
IPHONE16PROMAX,355564847388556
OPPO11,357276399781010
IPHONE11,862521066443130
IPHONE,351351022981330
IPHONE,351349021971330
IPHONE,359328801813502
IPHONE,356586867175926
IPHONE,359328818020723
POCO,862769071712520
IPHONE,359321800833720
SAMSUNG,359320800821724
IPHONE,351350022980321
IPHONE,356024613478585
IPHONE,955017387363661
IPHONE,350273884434019
REDMI,863716076571386
SAMSUNG,350040128731124
IPHONE15,354496315965451
IPHONE14,350585888244932
IPHONE15,359779349618849
IPHONE15,359779348620291
REDMINOTE11,866454078082140
SAMSUNG,352583795668283
REDMI,359761282142690
IPHONE14,354606981099080
SAMSUNGGALAXY,864404054411270
IPHONE15PRO,357627946666780
IPHONE15PROMAX,350492191070528
SAMSUNGGALAXYA22,352407514346569
IPHONE,359237907282424
IPHONEPRO13,357447882568951
IPHONE15,351682952631166
IPHONE15PRO,354551542059724
IPHONE13,358546113205306
IPHONE13,358546112539325
IPHONE,359072841816214
IPHONE,350086234404460
IPHONE,350086237112573
REDMI,866797066157839
IPHONE,354552101090640
SAMSUNG,359230907281423
IPHONE,359001559687061
IPHONE,359001559220806
IPHONE16,355988855129695
IPHONE13,351680924114642
IPHONE15,358571319069025
IPHONE,355382704130340
IPHONE14PROMAX,350727304960698
XIAOMI,359230908282420
IPHONE16,355490952722076
SAMSUNGGALAXYS24,352737400309870
IPHONE13,352668915851610
IPHONE,350585884468360
IPHONE,350585888691710
IPHONE,356728117933503
IPHONE,356728119263826
IPHONE15PROMAX,358560159723395
IPHONE14PRO,350585886337650
SAMSUNGGALAXYA52,865553067701920
SAMSUNGGALAXYA34,352689821008080
IPHONE13,358763460548690
IPHONE13,359583826476444
IPHONE14,350349584099094
IPHONE13,358742868384640
IPHONE15,350355618123313
SAMSUNG,351232090104427
SAMSUNG,351392380104428
IPHONE13,356228328110642
IPHONE13,352876701104843
IPHONE16,350153131590971
IPHONE14,353664571368200
IPHONE,350912502158720
IPHONE16,350023334031554
VIVO,868595077025930
IPHONE11,356759085378645
IPHONE12,356599144160018
OPPOA31,862588046800430
OPPOA31,862588046800422
SAMSUNGGALAXY,352923544759175
SAMSUNGGALAXYA50,351766106038510
IPHONE,355040525118144
IPHONE,355040525043268
IPHONEXS,358731094027388
IPHONE15,351926537438360
IPHONE13,356228328804650
IPHONE14,359247958874424
IPHONE,352904378340332
IPHONE,351230091010442
SAMSUNGA21,356012547239560
IPHONE,351088547635904
IPHONE,356720519556784
IPHONE,356720519366861
IPHONE,356721518556784
SAMSUNG,867067074637440
IPHONE,356720519556784
IPHONE,356720519366861
IPHONE14,350390122293898
IPHONE,355728185413173
IPHONE,355728185392781
IPHONE,358688603542721
IPHONE,358034166544814
IPHONE,354080343513838
IPHONE13,355611221126928
IPHONE,356408761237366
IPHONE13,352094673156953
IPHONE,357196598633398
IPHONE14PRO,359237907281457
IPHONE,354841669269887
IPHONE16PROMAX,355688663728049
IPHONE16PROMAX,355688663708702
IPHONE16PRO,352254486474908
IPHONE16PRO,352254486229344
REDMI,352613431813040
IPHONE14,351955448266916
IPHONE14,355084952665474
IPHONE16,350585889606105
IPHONE16,357343960584202
IPHONE14,359449127784896
XIOAMI13,866118064678223
IPHONE14,352876702104844
IPHONE17,355190200413888
IPHONE11PRO,352570248720721
IPHONE13,350505203779982
IPHONE16PROMAX,358409812884022
IPHONE14,350505203561166
IPHONE13,352556222689783
IPHONE15,351646270062149
IPHONE17,359285692277357
IPHONE16,355964946099122
IPHONE15,357992872332640
IPHONE15,354941529128660
IPHONE14,357327354581965
IPHONE15PRO,357926954428600
IPHONE16PROMAX,749670864198038
SAMSUNGGALAXY,350505564069916
IPHONE13,359328803773243
IPHONE13,359328804835108
HONOR,868984064717925
SAMSUNG,352208771900041
IPHONE,356300208519784
IPHONE13,356586860596855
IPHONE,353558242572121
IPHONE,353558243843067
IPHONE11,353969108569426
IPHONE13PROMAX,359577621469540
IPHONE13PRO,355365666901952
IPHONE15,355453587654582
IPHONE,359285693159141
SAMSUNGA06,351385192421659
REDMI,868232078799764
IPHONE14,352937909376243
IPHONE14,352937907384959
IPHONE14PRO,350585882298504
XIOAMI15,866614079614096
IPHONE,351655956091942
IPHONE,357343960774977
IPHONE14,352994534183734
IPHONE16,351267384517868
IPHONE15PROMAX,354068588215979
SAMSUNGZFLIP5,351578944318864
SAMSUNGA17,357658254568193
IPHONE13PROMAX,350360637291166
IPHONE16PRO,354039222350795
IPHONE16PRO,350717767696409
IPHONE15PRO,359642659650465
IPHONE13PROMAX,355325329529137
IPHONE13,352472590788555
IPHONE14,350390123209851
SAMSUNGS24ULTRA,861139077527010
IPHONE12,357763860259961
IPHONE13,356586863018139
IPHONE15,359473645010964
POCO,864680070474220
POCO,864680070474278
SAMSUNG,358153620178306
IPHONE16,353446788993564
IPHONE,351037796754619
IPHONE16PROMAX,357765264987524
IPHONE16,352852888813613
IPHONE16PRO,354359267827253
IPHONE16PRO,354359266988668
IPHONE,864951063022098
IPHONE,864951063022080
IPHONE,864950062022080
IPHONE17PROMAX,357778140155201
IPHONE13,358824789207496
IPHONE15PROMAX,350146810427465
IPHONE15PROMAX,358525999419017
REDMI,863541070771562
IPHONE8,356088096513903
IPHONE14 PROMAX,357170854397957
IPHONE15PROMAX,354679840138104
SAMSUNG,862573040071014
IPHONE,355281434037328
IPHONE,355281434229560
IPHONE,357778142908896
IPHONE,357778142999341
SAMSUNG,352500999605911
SAMSUNG,358397459605919
SAMSUNGC24,869722043380820
IPHONE,352368543428598
IPHONE,353040116038950
SAMSUNG,358259101781304
IPHONE,351037743417002
IPHONE16PRO,359296244090545
IPHONE16PRO,359296244097854
IPHONE16PRO,350717767663672
HUAWEI,350057710221918
SAMSUNGGALAXY,357950380030060
SAMSUNG,351351024132440
SAMSUNG,357905556990030
SAMSUNG,356007118096250
IPHONE16,356640327746007
IPHONE16PROMAX,359906329368927
IPHONE,356586867506580
IPHONE15PRO,355694891122997
IPHONE16,352565749131849
IPHONE15PROMAX,350273883686734
IPHONE15PROMAX,350273883437815
SAMSUNG,382500998841143
SAMSUNG,358397458841143
IPHONE15PROMAX,354689827630072
IPHONE17PRO,358816658404824
POCOX5G,866051066511664
POCO,867035052984927
POCO,867035052984935
IPHONE17,357632643639486
IPHONE15,350534770481780
IPHONE16,357043237422117
REDMI,868615065396281
IPHONE,351076751616256
IPHONE,352695692985105
IPHONE,352695692629174
SAMSUNG,356561115440183
VIVO,862918069374390
REDMINOTE,869871073086420
IPHONE16PRO,350717763562670
IPHONE16,351421089812206
IPHONE,357778148682941
IPHONE,357778148491426
XIAOMI,863715066992065
IPHONE13,356586864764180
IPHONE16PRO,355108988823474
IPHONE16,351614502454682
REDMI,350390122631964
REDMI,350390125445172
SAMSUNG,350585883744738
SAMSUNG,350585888059421
IPHONE14PRO,356905186078986
IPHONE17PROMAX,354017320615590
IPHONE16PROMAX,357309618798973
IPHONE16PROMAX,353911405545139
IPHONE16PROMAX,357849375835583
IPHONE16PROMAX,354039229731559
IPHONE16PROMAX,354039223432709
IPHONE16PROMAX,354039229004130
IPHONE16PROMAX,359737309923856
IPHONE16PROMAX,357549375549520
IPHONE16PROMAX,351486009195864
IPHONE,355494704760020
IPHONE,352585504119706
IPHONE,861560046348750
IPHONE16PROMAX,353324837838454
IPHONE16PROMAX,353324839656177
IPHONE,356560046350600
SAMSUNG,357500148491450
IPHONE,354757293028490
IPHONE,353067111428993
IPHONE,353523529104311
IPHONE17PRO,352909119812190
IPHONE15PROMAX,351073871320554
POCOX5,866051060217565
IPHONE,359108850082791
OPPO,868574069852256
REDMI,860359066053100
SAMSUNG,355082591171057
SAMSUNG,357472110114309
IPHONE,358258265585592
IPHONE,356851119753635
IPHONE,356761531231676
IPHONE,352186956672295
IPHONE,352921111570995
IPHONE,356599108476895
REDMI,868202205693658
SAMSUNG,353919117807465
IPHONE,235726109155759
SAMSUNG,355080110146388
IPHONE,350558588509092
IPHONE,896399143210658
REDMI,864611055562598
IPHONE,351194960363615
IPHONE,354298281523499
IPHONE,351037775011420
REDMI,864412220648147
IPHONE,350263905989587
IPHONE14PROMAX,358034165636808
SAMSUNG,356276766590847
IPHONE14PRO,350585885977335
IPHONE,357897369761517
IPHONE6,355223248866633
IPHONE16PROMAX,358133239067978
SAMSUNG,350572365745664
SAMSUNG,351312185745662
IPHONE,356586866431735
POCO,357841592365841
XIAOMI,861954062712860
IPHONEX,354878094971935
IPHONE,351520708848780
IPHONE,351520707207652
REDMI,863302085952021
SAMSUNG,353572365660701
SAMSUNG,353500410690735
IPHONE15PRO,353884198464315
IPHONE15PRO,353884197879596
IPHONE,350028622084108
IPHONE,350028622142299
OPPOA6PRO,861642082373538
IPHONE,352852883294587
IPHONE,352852883107227
IPHONE,359298858371534
IPHONE,353400105858530
IPHONE,355860522098050
IPHONE,355860522178837
IPHONE,350742139190550
IPHONE,350742138832913
IPHONE,352831577967153
IPHONE,352831577743141
IPHONE,355746604609460
SAMSUNG,352165353392223
IPHONE,355833869323308
IPHONE,355833869616271
IPHONE16,351267380492124
IPHONE16,351267380037606
SAMSUNG,356876528290862
SAMSUNG,356876528261400
IPHONE,355833868323307
IPHONE17PRO,353463678780720
IPHONE17PROMAX,351784390839011
IPHONE14,354248587403475
IPHONE,355832868321308
IPHONE16,355769810954538
IPHONE16,355769810633132
IPHONE,356876528261400
IPHONE,359222212510074
POCO,1850101002242BA
IPHONE16PROMAX,358132391408993
XIAOMI,868696066724540
REDMI,864088071867857
SAMSUNGC21,864436074807729
REDMI,865553067632143
REDMI,866556062747963
REDMI,868202056021507
REDMI,868202056021515
IPHONE17,351500504023429
SAMSUNGGAIAXYS24,350673972871610
SAMSUNGGAIAXYS24,353053272871619
XIOMI,355833694152405
REDMI,391464782321309
SAMSUNG,354709484259781
SAMSUNG,355351694259787
IPHONE13,353704416057578
IPHONE,353446784247726
